soru,cevap,dönem
"Osmanlı Beyliği bağımsızlığını ne zaman ilan etti?","1299 yılında Osmanlı Beyliği Söğüt'te Osman Gazi tarafından bağımsızlığını ilan etti.","kuruluş"
"Osman Gazi devletini ne zaman kurdu?","1299 yılında Osmanlı Beyliği Söğüt'te Osman Gazi tarafından bağımsızlığını ilan etti.","kuruluş"
"Osmanlı Devleti'nin kuruluş yılı nedir?","1299 yılında Osmanlı Beyliği Söğüt'te Osman Gazi tarafından bağımsızlığını ilan etti.","kuruluş"
"Kuruluş tarihi nedir?","1299 yılında Osmanlı Beyliği Söğüt'te Osman Gazi tarafından bağımsızlığını ilan etti.","kuruluş"
"Yundhisar' Köprühisar ve Yenişehir ne zaman fethedildi?","1300 yılında Yundhisar' Köprühisar ve Yenişehir kaleleri fethedildi.","kuruluş"
"Bu kaleler ne zaman Osmanlı toprağı oldu?","1300 yılında Yundhisar' Köprühisar ve Yenişehir kaleleri fethedildi.","kuruluş"
"1300 yılında hangi fetihler yapıldı?","1300 yılında Yundhisar' Köprühisar ve Yenişehir kaleleri fethedildi.","kuruluş"
"1300 yılındaki fetihler nelerdir?","1300 yılında Yundhisar' Köprühisar ve Yenişehir kaleleri fethedildi.","kuruluş"
"Osmanlıların ilk başkenti neresidir?","1300 yılında Yenişehir başkent yapıldı.","kuruluş"
"Yenişehir ne zaman başkent oldu?","1300 yılında Yenişehir başkent yapıldı.","kuruluş"
"Osmanlı Devleti'nin ilk başkenti nedir?","1300 yılında Yenişehir başkent yapıldı.","kuruluş"
"Yenişehir'in başkent oluşu nedir?","1300 yılında Yenişehir başkent yapıldı.","kuruluş"
"İlk Bizans-Osmanlı savaşı hangisidir?","1302 yılındaki Koyunhisar (Bafeus) Muharebesi'nde Osman Gazi Bizans'ı mağlup etti.","kuruluş"
"Osman Gazi Bizans'a karşı ilk büyük zaferini ne zaman kazandı?","1302 yılındaki Koyunhisar (Bafeus) Muharebesi'nde Osman Gazi Bizans'ı mağlup etti.","kuruluş"
"Koyunhisar Muharebesi ne zaman yapıldı?","1302 yılındaki Koyunhisar (Bafeus) Muharebesi'nde Osman Gazi Bizans'ı mağlup etti.","kuruluş"
"Bizans-Osmanlı savaşlarının ilki nedir?","1302 yılındaki Koyunhisar (Bafeus) Muharebesi'nde Osman Gazi Bizans'ı mağlup etti.","kuruluş"
"Osmanlılar İznik'i ne zaman kuşattı?","1303 yılında İznik kuşatıldı ve Marmaracık Kalesi fethedildi.","kuruluş"
"Marmaracık Kalesi ne zaman fethedildi?","1303 yılında İznik kuşatıldı ve Marmaracık Kalesi fethedildi.","kuruluş"
"İznik kuşatması ne zaman oldu?","1303 yılında İznik kuşatıldı ve Marmaracık Kalesi fethedildi.","kuruluş"
"1303 yılındaki askeri faaliyetler nelerdir?","1303 yılında İznik kuşatıldı ve Marmaracık Kalesi fethedildi.","kuruluş"
"Akhisar' Mekece ve Geyve ne zaman ele geçirildi?","1304 yılında Akhisar' Mekece ve Geyve ele geçirildi.","kuruluş"
"Bu yerler ne zaman Osmanlı egemenliğine girdi?","1304 yılında Akhisar' Mekece ve Geyve ele geçirildi.","kuruluş"
"1304 yılındaki fetihler nelerdir?","1304 yılında Akhisar' Mekece ve Geyve ele geçirildi.","kuruluş"
"1304 yılında hangi topraklar kazanıldı?","1304 yılında Akhisar' Mekece ve Geyve ele geçirildi.","kuruluş"
"Kestel' Kete ve Ulubad kaleleri ne zaman fethedildi?","1306 yılında Dimbos zaferi sonucunda Kestel' Kete ve Ulubad kaleleri fethedildi.","kuruluş"
"Dimbos zaferi ne zaman kazanıldı?","1306 yılında Dimbos zaferi sonucunda Kestel' Kete ve Ulubad kaleleri fethedildi.","kuruluş"
"Bu kaleler hangi savaştan sonra Osmanlılara geçti?","1306 yılında Dimbos zaferi sonucunda Kestel' Kete ve Ulubad kaleleri fethedildi.","kuruluş"
"Dimbos Muharebesi'nin sonuçları nelerdir?","1306 yılında Dimbos zaferi sonucunda Kestel' Kete ve Ulubad kaleleri fethedildi.","kuruluş"
"Osmanlıların ilk askeri antlaşması ne zaman yapıldı?","1306 yılında ilk askeri antlaşma yapıldı.","kuruluş"
"İlk askeri antlaşma ne zaman imzalandı?","1306 yılında ilk askeri antlaşma yapıldı.","kuruluş"
"Osmanlı tarihindeki ilk askeri antlaşma nedir?","1306 yılında ilk askeri antlaşma yapıldı.","kuruluş"
"İlk askeri antlaşma hangi yılda yapıldı?","1306 yılında ilk askeri antlaşma yapıldı.","kuruluş"
"İznik ne zaman sıkıştırıldı?","1307 yılında İznik sıkıştırıldı ve Yalova akını düzenlendi.","kuruluş"
"Yalova akını ne zaman düzenlendi?","1307 yılında İznik sıkıştırıldı ve Yalova akını düzenlendi.","kuruluş"
"1307 yılındaki askeri hareketler nelerdir?","1307 yılında İznik sıkıştırıldı ve Yalova akını düzenlendi.","kuruluş"
"1307 yılında ne yapıldı?","1307 yılında İznik sıkıştırıldı ve Yalova akını düzenlendi.","kuruluş"
"Alyos adası nasıl Osmanlı toprağı oldu?","1308 yılında Ulubat gölü üzerindeki Alyos adası' Aygut Alp'in oğlu Kara Ali tarafından barış yoluyla teslim alındı.","kuruluş"
"Alyos adasını kim teslim aldı?","1308 yılında Ulubat gölü üzerindeki Alyos adası' Aygut Alp'in oğlu Kara Ali tarafından barış yoluyla teslim alındı.","kuruluş"
"Alyos adası ne zaman alındı?","1308 yılında Ulubat gölü üzerindeki Alyos adası' Aygut Alp'in oğlu Kara Ali tarafından barış yoluyla teslim alındı.","kuruluş"
"Barış yoluyla alınan ada hangisidir?","1308 yılında Ulubat gölü üzerindeki Alyos adası' Aygut Alp'in oğlu Kara Ali tarafından barış yoluyla teslim alındı.","kuruluş"
"Köse Mihal kimdir?","1313 yılında Harmankaya Tekfuru Köse Mihal Müslüman olarak kalesi ve taraftarları ile birlikte Osmanlılara katıldı.","kuruluş"
"Köse Mihal ne zaman Müslüman oldu?","1313 yılında Harmankaya Tekfuru Köse Mihal Müslüman olarak kalesi ve taraftarları ile birlikte Osmanlılara katıldı.","kuruluş"
"Köse Mihal Osmanlılara ne zaman katıldı?","1313 yılında Harmankaya Tekfuru Köse Mihal Müslüman olarak kalesi ve taraftarları ile birlikte Osmanlılara katıldı.","kuruluş"
"Bir Bizans tekfuru Osmanlı saflarına ne zaman katıldı?","1313 yılında Harmankaya Tekfuru Köse Mihal Müslüman olarak kalesi ve taraftarları ile birlikte Osmanlılara katıldı.","kuruluş"
"Osman Gazi'nin rahatsızlığında yönetimi kim devraldı?","1320 yılında Osman Gazi'nin rahatsızlığı nedeniyle oğlu Orhan Bey yönetimi ele aldı.","kuruluş"
"Orhan Bey ne zaman yönetimi ele aldı?","1320 yılında Osman Gazi'nin rahatsızlığı nedeniyle oğlu Orhan Bey yönetimi ele aldı.","kuruluş"
"1320'de yönetimde ne değişti?","1320 yılında Osman Gazi'nin rahatsızlığı nedeniyle oğlu Orhan Bey yönetimi ele aldı.","kuruluş"
"Orhan Bey idareyi ne zaman ele aldı?","1320 yılında Osman Gazi'nin rahatsızlığı nedeniyle oğlu Orhan Bey yönetimi ele aldı.","kuruluş"
"Gemlik ve Mudanya ne zaman fethedildi?","1321 yılında Gemlik ve Mudanya'nın fethi gerçekleşti.","kuruluş"
"Bu liman kentleri ne zaman Osmanlı toprağı oldu?","1321 yılında Gemlik ve Mudanya'nın fethi gerçekleşti.","kuruluş"
"1321 yılındaki fetihler nelerdir?","1321 yılında Gemlik ve Mudanya'nın fethi gerçekleşti.","kuruluş"
"Gemlik ve Mudanya'nın fethi ne zaman oldu?","1321 yılında Gemlik ve Mudanya'nın fethi gerçekleşti.","kuruluş"
"Akyazı ve İmralı Adası ne zaman fethedildi?","1324 yılında Umur-Han Beyliği elindeki Akyazı ve İmralı Adası fethedildi.","kuruluş"
"İmralı Adası'nın fethi ne zaman oldu?","1324 yılında Umur-Han Beyliği elindeki Akyazı ve İmralı Adası fethedildi.","kuruluş"
"1324 yılındaki fetihler nelerdir?","1324 yılında Umur-Han Beyliği elindeki Akyazı ve İmralı Adası fethedildi.","kuruluş"
"Akyazı ne zaman fethedildi?","1324 yılında Umur-Han Beyliği elindeki Akyazı ve İmralı Adası fethedildi.","kuruluş"
"Osman Gazi ne zaman vefat etti?","1326 yılında Osman Gazi vefat etti ve yerine oğlu Orhan Gazi tahta geçti.","kuruluş"
"Osman Gazi'nin yerine kim geçti?","1326 yılında Osman Gazi vefat etti ve yerine oğlu Orhan Gazi tahta geçti.","kuruluş"
"Orhan Gazi ne zaman tahta geçti?","1326 yılında Osman Gazi vefat etti ve yerine oğlu Orhan Gazi tahta geçti.","kuruluş"
"1326 yılında tahta kim çıktı?","1326 yılında Osman Gazi vefat etti ve yerine oğlu Orhan Gazi tahta geçti.","kuruluş"
"Bursa ne zaman fethedildi?","1326 yılında Bursa Osmanlılar tarafından alındı.","kuruluş"
"Bursa'yı kim fethetti?","1326 yılında Bursa Osmanlılar tarafından alındı.","kuruluş"
"Bursa'nın fethi hangi yılda oldu?","1326 yılında Bursa Osmanlılar tarafından alındı.","kuruluş"
"Osmanlılar Bursa'yı ne zaman aldı?","1326 yılında Bursa Osmanlılar tarafından alındı.","kuruluş"
"İlk Osmanlı gümüş akçasını kim bastırdı?","1327 yılında Orhan Gazi tarafından bilinen ilk gümüş akçe bastırıldı.","kuruluş"
"İlk gümüş akçe ne zaman bastırıldı?","1327 yılında Orhan Gazi tarafından bilinen ilk gümüş akçe bastırıldı.","kuruluş"
"Osmanlı para sistemi ne zaman başladı?","1327 yılında Orhan Gazi tarafından bilinen ilk gümüş akçe bastırıldı.","kuruluş"
"Orhan Gazi akçeyi ne zaman bastırdı?","1327 yılında Orhan Gazi tarafından bilinen ilk gümüş akçe bastırıldı.","kuruluş"
"Pelekanon zaferi ne zaman kazanıldı?","1329 yılında Bizans'a karşı Pelekanon zaferi kazanıldı.","kuruluş"
"Pelekanon zaferi hangi devlete karşı kazanıldı?","1329 yılında Bizans'a karşı Pelekanon zaferi kazanıldı.","kuruluş"
"Orhan Gazi Bizans'a karşı hangi savaşı kazandı?","1329 yılında Bizans'a karşı Pelekanon zaferi kazanıldı.","kuruluş"
"Pelekanon Muharebesi ne zaman oldu?","1329 yılında Bizans'a karşı Pelekanon zaferi kazanıldı.","kuruluş"
"Osmanlı hangi beyliklerle ittifak yaptı?","1330 yılında Osmanlı' Aydın ve Saruhan beylikleriyle Bizans'a karşı ittifak yaptı.","kuruluş"
"Bu ittifak ne zaman kuruldu?","1330 yılında Osmanlı' Aydın ve Saruhan beylikleriyle Bizans'a karşı ittifak yaptı.","kuruluş"
"Bizans'a karşı ittifak yapan beylikler hangileridir?","1330 yılında Osmanlı' Aydın ve Saruhan beylikleriyle Bizans'a karşı ittifak yaptı.","kuruluş"
"1330'daki ittifakta kimler vardı?","1330 yılında Osmanlı' Aydın ve Saruhan beylikleriyle Bizans'a karşı ittifak yaptı.","kuruluş"
"Kocaeli kıyıları ve Kandıra ne zaman fethedildi?","1330 yılında Üsküdar'a kadar Kocaeli kıyıları ve Kandıra fethedildi.","kuruluş"
"Üsküdar'a kadar uzanan fetih ne zaman oldu?","1330 yılında Üsküdar'a kadar Kocaeli kıyıları ve Kandıra fethedildi.","kuruluş"
"1330'daki fetihler nelerdir?","1330 yılında Üsküdar'a kadar Kocaeli kıyıları ve Kandıra fethedildi.","kuruluş"
"Kandıra ne zaman fethedildi?","1330 yılında Üsküdar'a kadar Kocaeli kıyıları ve Kandıra fethedildi.","kuruluş"
"İznik ne zaman fethedildi?","1331 yılında İznik Osmanlılar tarafından alındı.","kuruluş"
"İznik'i kim fethetti?","1331 yılında İznik Osmanlılar tarafından alındı.","kuruluş"
"İznik'in fethi ne zaman gerçekleşti?","1331 yılında İznik Osmanlılar tarafından alındı.","kuruluş"
"İznik hangi yılda alındı?","1331 yılında İznik Osmanlılar tarafından alındı.","kuruluş"
"İlk Osmanlı medresesi nerede kuruldu?","1331 yılında ilk Osmanlı medresesi İznik'te Orhan Gazi tarafından kuruldu.","kuruluş"
"İlk medreseyi kim kurdu?","1331 yılında ilk Osmanlı medresesi İznik'te Orhan Gazi tarafından kuruldu.","kuruluş"
"İlk medrese ne zaman kuruldu?","1331 yılında ilk Osmanlı medresesi İznik'te Orhan Gazi tarafından kuruldu.","kuruluş"
"Osmanlı eğitim sistemi ne zaman başladı?","1331 yılında ilk Osmanlı medresesi İznik'te Orhan Gazi tarafından kuruldu.","kuruluş"
"İzmit ne zaman kuşatıldı?","1333 yılında İzmit kuşatıldı ve Bizans'la anlaşma yapıldı.","kuruluş"
"Bizans'la anlaşma ne zaman yapıldı?","1333 yılında İzmit kuşatıldı ve Bizans'la anlaşma yapıldı.","kuruluş"
"1333 yılında İzmit için ne yapıldı?","1333 yılında İzmit kuşatıldı ve Bizans'la anlaşma yapıldı.","kuruluş"
"İzmit kuşatması ve anlaşma nedir?","1333 yılında İzmit kuşatıldı ve Bizans'la anlaşma yapıldı.","kuruluş"
"Ulubat ve Balıkesir ne zaman alındı?","1335 yılında Bizans'tan Ulubat ve Karesi Beyliği'nden Balıkesir ele geçirildi.","kuruluş"
"Ulubat kimden alındı?","1335 yılında Bizans'tan Ulubat ve Karesi Beyliği'nden Balıkesir ele geçirildi.","kuruluş"
"Balıkesir kimden alındı?","1335 yılında Bizans'tan Ulubat ve Karesi Beyliği'nden Balıkesir ele geçirildi.","kuruluş"
"1335 yılında hangi iki yer alındı?","1335 yılında Bizans'tan Ulubat ve Karesi Beyliği'nden Balıkesir ele geçirildi.","kuruluş"
"İzmit'i kim fethetti?","1337 yılında Orhan Gazi İzmit'i' Süleyman Gazi ise Taraklı Yenicesi' Göynük ve Mudurnu'yu fethetti.","kuruluş"
"Taraklı Yenicesi' Göynük ve Mudurnu'yu kim fethetti?","1337 yılında Orhan Gazi İzmit'i' Süleyman Gazi ise Taraklı Yenicesi' Göynük ve Mudurnu'yu fethetti.","kuruluş"
"Bu fetihler ne zaman yapıldı?","1337 yılında Orhan Gazi İzmit'i' Süleyman Gazi ise Taraklı Yenicesi' Göynük ve Mudurnu'yu fethetti.","kuruluş"
"1337 yılındaki fetihler nelerdir?","1337 yılında Orhan Gazi İzmit'i' Süleyman Gazi ise Taraklı Yenicesi' Göynük ve Mudurnu'yu fethetti.","kuruluş"
"Karesi Beyliği ne zaman ilhak edildi?","1345 yılında Karesi Beyliği tamamen Osmanlılara ilhak edildi.","kuruluş"
"Balıkesir ve çevresi ne zaman kesin Osmanlı toprağı oldu?","1345 yılında Karesi Beyliği tamamen Osmanlılara ilhak edildi.","kuruluş"
"Karesi Beyliği'nin ilhakı ne zaman oldu?","1345 yılında Karesi Beyliği tamamen Osmanlılara ilhak edildi.","kuruluş"
"Karesi Beyliği hangi yılda Osmanlı'ya katıldı?","1345 yılında Karesi Beyliği tamamen Osmanlılara ilhak edildi.","kuruluş"
"Orhan Gazi kimin kızıyla evlendi?","1346 yılında Orhan Gazi' Bizans İmparatoru Kantakuzenos'un kızı ile evlendi ve Bizans'la ittifak kurdu.","kuruluş"
"Bu evlilik ne zaman oldu?","1346 yılında Orhan Gazi' Bizans İmparatoru Kantakuzenos'un kızı ile evlendi ve Bizans'la ittifak kurdu.","kuruluş"
"Osmanlı-Bizans ittifakı ne zaman yapıldı?","1346 yılında Orhan Gazi' Bizans İmparatoru Kantakuzenos'un kızı ile evlendi ve Bizans'la ittifak kurdu.","kuruluş"
"Orhan Gazi'nin evliliği hangi ittifakı sağladı?","1346 yılında Orhan Gazi' Bizans İmparatoru Kantakuzenos'un kızı ile evlendi ve Bizans'la ittifak kurdu.","kuruluş"
"Osmanlılar Rumeli'ye ne zaman geçti?","1349-1352 yılları arasında Süleyman Paşa' Bizans'a yardım bahanesiyle Rumeli'ye geçti ve Çimpe Kalesi'ni Osmanlı üssü haline getirdi.","kuruluş"
"Çimpe Kalesi ne zaman Osmanlı üssü oldu?","1349-1352 yılları arasında Süleyman Paşa' Bizans'a yardım bahanesiyle Rumeli'ye geçti ve Çimpe Kalesi'ni Osmanlı üssü haline getirdi.","kuruluş"
"Rumeli'deki ilk üs hangi kaledir?","1349-1352 yılları arasında Süleyman Paşa' Bizans'a yardım bahanesiyle Rumeli'ye geçti ve Çimpe Kalesi'ni Osmanlı üssü haline getirdi.","kuruluş"
"Süleyman Paşa Rumeli'ye nasıl geçti?","1349-1352 yılları arasında Süleyman Paşa' Bizans'a yardım bahanesiyle Rumeli'ye geçti ve Çimpe Kalesi'ni Osmanlı üssü haline getirdi.","kuruluş"
"Osmanlılar Çimpe Kalesi'ne ne zaman yerleşti?","1352 yılında Osmanlılar Çimpe Kalesi'ne yerleşti ve Bizans'la savaş başladı.","kuruluş"
"Bizans'la savaş ne zaman başladı?","1352 yılında Osmanlılar Çimpe Kalesi'ne yerleşti ve Bizans'la savaş başladı.","kuruluş"
"1352'de Rumeli'de ne oldu?","1352 yılında Osmanlılar Çimpe Kalesi'ne yerleşti ve Bizans'la savaş başladı.","kuruluş"
"Osmanlı-Bizans savaşı ne zaman yeniden başladı?","1352 yılında Osmanlılar Çimpe Kalesi'ne yerleşti ve Bizans'la savaş başladı.","kuruluş"
"Cenevizlilere ticaret imtiyazı ne zaman verildi?","1352 yılında Osmanlılar Cenevizlilere kendi topraklarında serbest ticaret yapma imtiyazı verdi.","kuruluş"
"İlk kapitülasyonlar kime verildi?","1352 yılında Osmanlılar Cenevizlilere kendi topraklarında serbest ticaret yapma imtiyazı verdi.","kuruluş"
"İlk kapitülasyon ne zaman yapıldı?","1352 yılında Osmanlılar Cenevizlilere kendi topraklarında serbest ticaret yapma imtiyazı verdi.","kuruluş"
"Cenevizliler hangi imtiyazı aldı?","1352 yılında Osmanlılar Cenevizlilere kendi topraklarında serbest ticaret yapma imtiyazı verdi.","kuruluş"
"Gelibolu'yu kim fethetti?","1354 yılında Süleyman Paşa Gelibolu'yu fethetti.","kuruluş"
"Gelibolu ne zaman fethedildi?","1354 yılında Süleyman Paşa Gelibolu'yu fethetti.","kuruluş"
"Süleyman Paşa Gelibolu'yu ne zaman aldı?","1354 yılında Süleyman Paşa Gelibolu'yu fethetti.","kuruluş"
"Gelibolu'nun fethi hangi yılda oldu?","1354 yılında Süleyman Paşa Gelibolu'yu fethetti.","kuruluş"
"Sivrihisar ne zaman alındı?","1356 yılında Sivrihisar alındı.","kuruluş"
"Sivrihisar'ın fethi hangi yılda oldu?","1356 yılında Sivrihisar alındı.","kuruluş"
"Sivrihisar hangi yılda fethedildi?","1356 yılında Sivrihisar alındı.","kuruluş"
"1356 yılında hangi kale alındı?","1356 yılında Sivrihisar alındı.","kuruluş"
"Orhan Gazi'nin oğlu Halil ne zaman kurtarıldı?","1357 yılında Orhan Gazi'nin esir düşen oğlu Halil'in kurtarılması karşılığında Osmanlı-Bizans savaşında ateşkes imzalandı.","kuruluş"
"Ateşkes ne zaman imzalandı?","1357 yılında Orhan Gazi'nin esir düşen oğlu Halil'in kurtarılması karşılığında Osmanlı-Bizans savaşında ateşkes imzalandı.","kuruluş"
"Halil'in kurtarılması karşılığında ne yapıldı?","1357 yılında Orhan Gazi'nin esir düşen oğlu Halil'in kurtarılması karşılığında Osmanlı-Bizans savaşında ateşkes imzalandı.","kuruluş"
"1357'deki ateşkesin sebebi nedir?","1357 yılında Orhan Gazi'nin esir düşen oğlu Halil'in kurtarılması karşılığında Osmanlı-Bizans savaşında ateşkes imzalandı.","kuruluş"
"Süleyman Paşa ne zaman öldü?","1357 yılında Süleyman Paşa öldü.","kuruluş"
"Süleyman Paşa'nın ölüm yılı nedir?","1357 yılında Süleyman Paşa öldü.","kuruluş"
"Rumeli fatihi Süleyman Paşa ne zaman vefat etti?","1357 yılında Süleyman Paşa öldü.","kuruluş"
"Süleyman Paşa'nın ölümü hangi yılda oldu?","1357 yılında Süleyman Paşa öldü.","kuruluş"
"Lapseki Haçlı Seferi ne zaman yenilgiye uğratıldı?","1359 yılında Bizans'ın kışkırtmasıyla düzenlenen Lapseki Haçlı Seferi yenilgiye uğratıldı ve Bizans'la savaş yeniden başladı.","kuruluş"
"Bizans'la savaş ne zaman yeniden başladı?","1359 yılında Bizans'ın kışkırtmasıyla düzenlenen Lapseki Haçlı Seferi yenilgiye uğratıldı ve Bizans'la savaş yeniden başladı.","kuruluş"
"1359'da ne oldu?","1359 yılında Bizans'ın kışkırtmasıyla düzenlenen Lapseki Haçlı Seferi yenilgiye uğratıldı ve Bizans'la savaş yeniden başladı.","kuruluş"
"Lapseki Haçlı Seferi'nin sonucu ne oldu?","1359 yılında Bizans'ın kışkırtmasıyla düzenlenen Lapseki Haçlı Seferi yenilgiye uğratıldı ve Bizans'la savaş yeniden başladı.","kuruluş"
"Panados' Çorlu' Lüleburgaz' Babaeski' Keşan ve Dimetoka ne zaman fethedildi?","1360 yılında Bizans'tan Panados' Çorlu' Lüleburgaz' Babaeski' Keşan ve Dimetoka fethedildi.","kuruluş"
"Bu şehirler hangi devletten alındı?","1360 yılında Bizans'tan Panados' Çorlu' Lüleburgaz' Babaeski' Keşan ve Dimetoka fethedildi.","kuruluş"
"1360 yılındaki fetihler nelerdir?","1360 yılında Bizans'tan Panados' Çorlu' Lüleburgaz' Babaeski' Keşan ve Dimetoka fethedildi.","kuruluş"
"Trakya fetihleri ne zaman yapıldı?","1360 yılında Bizans'tan Panados' Çorlu' Lüleburgaz' Babaeski' Keşan ve Dimetoka fethedildi.","kuruluş"
"Edirne ne zaman fethedildi?","1361 yılında Sazlıdere Zaferi sonrası Edirne fethedildi ve başkent yapıldı.","kuruluş"
"Edirne hangi savaştan sonra fethedildi?","1361 yılında Sazlıdere Zaferi sonrası Edirne fethedildi ve başkent yapıldı.","kuruluş"
"Osmanlı başkenti ne zaman Edirne'ye taşındı?","1361 yılında Sazlıdere Zaferi sonrası Edirne fethedildi ve başkent yapıldı.","kuruluş"
"Sazlıdere Zaferi ne zaman oldu?","1361 yılında Sazlıdere Zaferi sonrası Edirne fethedildi ve başkent yapıldı.","kuruluş"
"Yeniçeri Ocağı ne zaman kuruldu?","1361 yılında Yeniçeri Ocağı kuruldu.","kuruluş"
"Yeniçeri Ocağı'nın kuruluş yılı nedir?","1361 yılında Yeniçeri Ocağı kuruldu.","kuruluş"
"İlk düzenli piyade sınıfı ne zaman oluşturuldu?","1361 yılında Yeniçeri Ocağı kuruldu.","kuruluş"
"Yeniçeriler hangi yılda kuruldu?","1361 yılında Yeniçeri Ocağı kuruldu.","kuruluş"
"Orhan Gazi ne zaman vefat etti?","1362 yılında Orhan Gazi vefat etti ve I. Murat tahta çıktı.","kuruluş"
"I. Murat ne zaman tahta çıktı?","1362 yılında Orhan Gazi vefat etti ve I. Murat tahta çıktı.","kuruluş"
"1362'de tahta kim çıktı?","1362 yılında Orhan Gazi vefat etti ve I. Murat tahta çıktı.","kuruluş"
"Orhan Gazi'nin yerine kim geçti?","1362 yılında Orhan Gazi vefat etti ve I. Murat tahta çıktı.","kuruluş"
"Kadıaskerlik makamı ne zaman kuruldu?","1362 yılında kadıaskerlik teşkil edildi.","kuruluş"
"Kadıaskerlik nedir?","1362 yılında kadıaskerlik teşkil edildi.","kuruluş"
"İlk kadıasker ne zaman atandı?","1362 yılında kadıaskerlik teşkil edildi.","kuruluş"
"Kazaskerlik ne zaman teşkil edildi?","1362 yılında kadıaskerlik teşkil edildi.","kuruluş"
"Lala Şahin Paşa' Eski Zağra ve Filibe'yi ne zaman fethetti?","1363 yılında Lala Şahin Paşa' Bulgar Krallığı'ndan Eski Zağra ve Filibe'yi fethetti.","kuruluş"
"Eski Zağra ve Filibe hangi devletten alındı?","1363 yılında Lala Şahin Paşa' Bulgar Krallığı'ndan Eski Zağra ve Filibe'yi fethetti.","kuruluş"
"1363 yılındaki Bulgaristan fetihleri nelerdir?","1363 yılında Lala Şahin Paşa' Bulgar Krallığı'ndan Eski Zağra ve Filibe'yi fethetti.","kuruluş"
"Lala Şahin Paşa'nın fetihleri ne zaman oldu?","1363 yılında Lala Şahin Paşa' Bulgar Krallığı'ndan Eski Zağra ve Filibe'yi fethetti.","kuruluş"
"Pençik Kanunu ne zaman çıkarıldı?","1363 yılında Pençik Kanunu çıkarıldı.","kuruluş"
"Pençik Kanunu nedir?","1363 yılında Pençik Kanunu çıkarıldı.","kuruluş"
"Osmanlı mali sisteminde Pençik Kanunu ne zaman yürürlüğe girdi?","1363 yılında Pençik Kanunu çıkarıldı.","kuruluş"
"Pençik Kanunu hangi yılda çıktı?","1363 yılında Pençik Kanunu çıkarıldı.","kuruluş"
"Sırpsındığı Zaferi ne zaman kazanıldı?","1364 yılında Sırplara karşı Sırpsındığı zaferi kazanıldı.","kuruluş"
"Sırpsındığı hangi devlete karşı kazanıldı?","1364 yılında Sırplara karşı Sırpsındığı zaferi kazanıldı.","kuruluş"
"Bu zafer ne zaman oldu?","1364 yılında Sırplara karşı Sırpsındığı zaferi kazanıldı.","kuruluş"
"Sırpsındığı Muharebesi'nin tarihi nedir?","1364 yılında Sırplara karşı Sırpsındığı zaferi kazanıldı.","kuruluş"
"Gelibolu ne zaman kaybedildi?","1366 yılında Savoyard Haçlı Seferi sonucu Gelibolu Haçlılara kaybedildi ve Bizans'a devredildi.","kuruluş"
"Gelibolu kim tarafından kaybedildi?","1366 yılında Savoyard Haçlı Seferi sonucu Gelibolu Haçlılara kaybedildi ve Bizans'a devredildi.","kuruluş"
"Savoyard Haçlı Seferi ne zaman oldu?","1366 yılında Savoyard Haçlı Seferi sonucu Gelibolu Haçlılara kaybedildi ve Bizans'a devredildi.","kuruluş"
"Gelibolu nereye devredildi?","1366 yılında Savoyard Haçlı Seferi sonucu Gelibolu Haçlılara kaybedildi ve Bizans'a devredildi.","kuruluş"
"Çirmen' Ferecik' İncüğez' Çatalca ve Küçükçekmece ne zaman fethedildi?","1366 yılında Osmanlı-Bizans Savaşı yeniden başladı ve Çirmen' Ferecik' İncüğez' Çatalca ve Küçükçekmece fethedildi.","kuruluş"
"Osmanlı-Bizans Savaşı ne zaman yeniden başladı?","1366 yılında Osmanlı-Bizans Savaşı yeniden başladı ve Çirmen' Ferecik' İncüğez' Çatalca ve Küçükçekmece fethedildi.","kuruluş"
"1366 yılında hangi fetihler yapıldı?","1366 yılında Osmanlı-Bizans Savaşı yeniden başladı ve Çirmen' Ferecik' İncüğez' Çatalca ve Küçükçekmece fethedildi.","kuruluş"
"Bu yerler hangi savaşta alındı?","1366 yılında Osmanlı-Bizans Savaşı yeniden başladı ve Çirmen' Ferecik' İncüğez' Çatalca ve Küçükçekmece fethedildi.","kuruluş"
"Bulgar Krallığı ile savaş ne zaman başladı?","1367 yılında Bulgar Krallığı ile savaş başladı.","kuruluş"
"Osmanlı-Bulgar savaşı ne zaman başladı?","1367 yılında Bulgar Krallığı ile savaş başladı.","kuruluş"
"1367'de hangi devletle savaş başladı?","1367 yılında Bulgar Krallığı ile savaş başladı.","kuruluş"
"Bulgaristan'a karşı savaş hangi yılda başladı?","1367 yılında Bulgar Krallığı ile savaş başladı.","kuruluş"
"Aydos' Karin Ovası ve Süzebolu ne zaman fethedildi?","1368 yılında Bulgarlardan Aydos ve Karin Ovası' Bizans'tan Süzebolu fethedildi.","kuruluş"
"Aydos ve Karin Ovası kimden alındı?","1368 yılında Bulgarlardan Aydos ve Karin Ovası' Bizans'tan Süzebolu fethedildi.","kuruluş"
"Süzebolu kimden alındı?","1368 yılında Bulgarlardan Aydos ve Karin Ovası' Bizans'tan Süzebolu fethedildi.","kuruluş"
"1368 fetihleri nelerdir?","1368 yılında Bulgarlardan Aydos ve Karin Ovası' Bizans'tan Süzebolu fethedildi.","kuruluş"
"Kırklareli' Pınarhisar ve Vize ne zaman fethedildi?","1369 yılında Bizans'tan Kırklareli' Pınarhisar ve Vize fethedildi.","kuruluş"
"Bu yerler hangi devletten alındı?","1369 yılında Bizans'tan Kırklareli' Pınarhisar ve Vize fethedildi.","kuruluş"
"1369 yılındaki Trakya fetihleri nelerdir?","1369 yılında Bizans'tan Kırklareli' Pınarhisar ve Vize fethedildi.","kuruluş"
"Vize ne zaman fethedildi?","1369 yılında Bizans'tan Kırklareli' Pınarhisar ve Vize fethedildi.","kuruluş"
"Kızılcaağaç Yenicesi' Yanbolu' İslimiye' İhtiman ve Samokov ne zaman fethedildi?","1369 yılında Bulgar Krallığı'ndan Kızılcaağaç Yenicesi' Yanbolu' İslimiye' İhtiman ve Samokov fethedildi' ayrıca Sırplara karşı Çamurluova zaferi kazanıldı.","kuruluş"
"Çamurluova Zaferi ne zaman kazanıldı?","1369 yılında Bulgar Krallığı'ndan Kızılcaağaç Yenicesi' Yanbolu' İslimiye' İhtiman ve Samokov fethedildi' ayrıca Sırplara karşı Çamurluova zaferi kazanıldı.","kuruluş"
"Bu fetihler hangi yılda yapıldı?","1369 yılında Bulgar Krallığı'ndan Kızılcaağaç Yenicesi' Yanbolu' İslimiye' İhtiman ve Samokov fethedildi' ayrıca Sırplara karşı Çamurluova zaferi kazanıldı.","kuruluş"
"Çamurluova zaferi hangi devlete karşı kazanıldı?","1369 yılında Bulgar Krallığı'ndan Kızılcaağaç Yenicesi' Yanbolu' İslimiye' İhtiman ve Samokov fethedildi' ayrıca Sırplara karşı Çamurluova zaferi kazanıldı.","kuruluş"
"Çirmen Zaferi ne zaman kazanıldı?","1371 yılında Sırplara karşı Çirmen zaferi kazanıldı.","kuruluş"
"Çirmen zaferi hangi devlete karşı kazanıldı?","1371 yılında Sırplara karşı Çirmen zaferi kazanıldı.","kuruluş"
"Sırplara karşı kesin zafer ne zaman elde edildi?","1371 yılında Sırplara karşı Çirmen zaferi kazanıldı.","kuruluş"
"Çirmen Muharebesi ne zaman oldu?","1371 yılında Sırplara karşı Çirmen zaferi kazanıldı.","kuruluş"
"Bizans'la barış ne zaman yapıldı?","1372 yılında Bizans'la barış yapıldı ve Bizans tâbi statüsüne girdi.","kuruluş"
"Bizans ne zaman Osmanlı'ya tâbi oldu?","1372 yılında Bizans'la barış yapıldı ve Bizans tâbi statüsüne girdi.","kuruluş"
"1372'de Bizans'a ne oldu?","1372 yılında Bizans'la barış yapıldı ve Bizans tâbi statüsüne girdi.","kuruluş"
"Bizans'ın tâbi olması hangi yılda oldu?","1372 yılında Bizans'la barış yapıldı ve Bizans tâbi statüsüne girdi.","kuruluş"
"Savcı Bey'in isyanı ne zaman başladı?","1373 yılında Savcı Bey'in isyanı başladı ve Pikridion zaferi kazanıldı; 1374 yılında Kite Zaferi ile isyan tamamen bastırıldı.","kuruluş"
"Pikridion zaferi ne zaman kazanıldı?","1373 yılında Savcı Bey'in isyanı başladı ve Pikridion zaferi kazanıldı; 1374 yılında Kite Zaferi ile isyan tamamen bastırıldı.","kuruluş"
"Kite Zaferi ne zaman kazanıldı?","1373 yılında Savcı Bey'in isyanı başladı ve Pikridion zaferi kazanıldı; 1374 yılında Kite Zaferi ile isyan tamamen bastırıldı.","kuruluş"
"İsyan ne zaman tamamen bastırıldı?","1373 yılında Savcı Bey'in isyanı başladı ve Pikridion zaferi kazanıldı; 1374 yılında Kite Zaferi ile isyan tamamen bastırıldı.","kuruluş"
"Gelibolu ne zaman Osmanlılara iade edildi?","1377 yılında Gelibolu Bizans tarafından Osmanlılara iade edildi.","kuruluş"
"Gelibolu'yu kim iade etti?","1377 yılında Gelibolu Bizans tarafından Osmanlılara iade edildi.","kuruluş"
"Gelibolu'nun iadesi hangi yılda oldu?","1377 yılında Gelibolu Bizans tarafından Osmanlılara iade edildi.","kuruluş"
"Bizans Gelibolu'yu ne zaman geri verdi?","1377 yılında Gelibolu Bizans tarafından Osmanlılara iade edildi.","kuruluş"
"Bursa Düğünü ne zaman yapıldı?","1381 Bursa Düğünü ile Germiyan Beyliği'nden Kütahya' Simav' Emet' Tavşanlı ve Gediz devralındı; Hamid Beyliği'nden Akşehir' Beyşehir' Seydişehir' Yalvaç' Karaağaç ve Isparta satın alındı.","kuruluş"
"Bu düğünle hangi topraklar alındı?","1381 Bursa Düğünü ile Germiyan Beyliği'nden Kütahya' Simav' Emet' Tavşanlı ve Gediz devralındı; Hamid Beyliği'nden Akşehir' Beyşehir' Seydişehir' Yalvaç' Karaağaç ve Isparta satın alındı.","kuruluş"
"Germiyan Beyliği'nden hangi yerler alındı?","1381 Bursa Düğünü ile Germiyan Beyliği'nden Kütahya' Simav' Emet' Tavşanlı ve Gediz devralındı; Hamid Beyliği'nden Akşehir' Beyşehir' Seydişehir' Yalvaç' Karaağaç ve Isparta satın alındı.","kuruluş"
"Hamid Beyliği'nden hangi topraklar satın alındı?","1381 Bursa Düğünü ile Germiyan Beyliği'nden Kütahya' Simav' Emet' Tavşanlı ve Gediz devralındı; Hamid Beyliği'nden Akşehir' Beyşehir' Seydişehir' Yalvaç' Karaağaç ve Isparta satın alındı.","kuruluş"
"I. Kosova Zaferi ne zaman kazanıldı?","1389 yılında I. Kosova Zaferi ile Sırp ordusu yenilgiye uğratıldı' ancak I. Murat savaş alanında öldürüldü.","kuruluş"
"I. Murat nerede öldü?","1389 yılında I. Kosova Zaferi ile Sırp ordusu yenilgiye uğratıldı' ancak I. Murat savaş alanında öldürüldü.","kuruluş"
"Kosova Savaşı'nda hangi padişah şehit oldu?","1389 yılında I. Kosova Zaferi ile Sırp ordusu yenilgiye uğratıldı' ancak I. Murat savaş alanında öldürüldü.","kuruluş"
"Sırp ordusu ne zaman yenildi?","1389 yılında I. Kosova Zaferi ile Sırp ordusu yenilgiye uğratıldı' ancak I. Murat savaş alanında öldürüldü.","kuruluş"
"Yıldırım Bayezid ne zaman tahta geçti?","1389 yılında I. Murat'ın vefatı üzerine Yıldırım Bayezid tahta geçti ve hemen ardından kardeşi Yakub'u katlederek tek başına yönetimi ele aldı.","kuruluş"
"Bayezid tahta çıktıktan sonra hangi kardeşini öldürdü?","1389 yılında I. Murat'ın vefatı üzerine Yıldırım Bayezid tahta geçti ve hemen ardından kardeşi Yakub'u katlederek tek başına yönetimi ele aldı.","kuruluş"
"Kardeş katli ilk kez ne zaman yapıldı?","1389 yılında I. Murat'ın vefatı üzerine Yıldırım Bayezid tahta geçti ve hemen ardından kardeşi Yakub'u katlederek tek başına yönetimi ele aldı.","kuruluş"
"Yakub Çelebi ne zaman öldürüldü?","1389 yılında I. Murat'ın vefatı üzerine Yıldırım Bayezid tahta geçti ve hemen ardından kardeşi Yakub'u katlederek tek başına yönetimi ele aldı.","kuruluş"
"Aydın' Saruhan' Germiyan ve Menteşe beylikleri ne zaman ilhak edildi?","1390 yılında Aydın' Saruhan' Germiyan ve Menteşe beylikleri ilhak edilerek Anadolu Türk birliği sağlandı.","kuruluş"
"Bu beylikleri kim ilhak etti?","1390 yılında Aydın' Saruhan' Germiyan ve Menteşe beylikleri ilhak edilerek Anadolu Türk birliği sağlandı.","kuruluş"
"Anadolu Türk birliği ne zaman sağlandı?","1390 yılında Aydın' Saruhan' Germiyan ve Menteşe beylikleri ilhak edilerek Anadolu Türk birliği sağlandı.","kuruluş"
"Hangi yılda dört beylik Osmanlı'ya katıldı?","1390 yılında Aydın' Saruhan' Germiyan ve Menteşe beylikleri ilhak edilerek Anadolu Türk birliği sağlandı.","kuruluş"
"İstanbul ilk kez ne zaman kuşatıldı?","1391 yılında İstanbul kuşatıldı.","kuruluş"
"İstanbul'un ilk kuşatması hangi yılda oldu?","1391 yılında İstanbul kuşatıldı.","kuruluş"
"İstanbul'u ilk kuşatan padişah kimdir?","1391 yılında İstanbul kuşatıldı.","kuruluş"
"1391'de ne kuşatıldı?","1391 yılında İstanbul kuşatıldı.","kuruluş"
"Niğbolu Zaferi ne zaman kazanıldı?","1396 yılında Niğbolu Zaferi ile Haçlı ordusu ağır yenilgiye uğratıldı ve Vidin Çarlığı ilhak edildi.","kuruluş"
"Niğbolu'da hangi devlet ilhak edildi?","1396 yılında Niğbolu Zaferi ile Haçlı ordusu ağır yenilgiye uğratıldı ve Vidin Çarlığı ilhak edildi.","kuruluş"
"Haçlı ordusu hangi savaşta yenildi?","1396 yılında Niğbolu Zaferi ile Haçlı ordusu ağır yenilgiye uğratıldı ve Vidin Çarlığı ilhak edildi.","kuruluş"
"Vidin Çarlığı ne zaman ilhak edildi?","1396 yılında Niğbolu Zaferi ile Haçlı ordusu ağır yenilgiye uğratıldı ve Vidin Çarlığı ilhak edildi.","kuruluş"
"Malatya ve Elbistan ne zaman ele geçirildi?","1399 yılında Yıldırım Beyazıt' Memlüklere ait Malatya ve Elbistan'ı ele geçirdi.","kuruluş"
"Bu yerleri kim ele geçirdi?","1399 yılında Yıldırım Beyazıt' Memlüklere ait Malatya ve Elbistan'ı ele geçirdi.","kuruluş"
"Memlüklerden hangi topraklar alındı?","1399 yılında Yıldırım Beyazıt' Memlüklere ait Malatya ve Elbistan'ı ele geçirdi.","kuruluş"
"Yıldırım Bayezid'in Memlük seferi ne zaman oldu?","1399 yılında Yıldırım Beyazıt' Memlüklere ait Malatya ve Elbistan'ı ele geçirdi.","kuruluş"
"Bursa Ulu Cami ne zaman inşa edildi?","1400 yılında Bursa'da Yıldırım Bayezid tarafından Ulu Cami ve ilk Osmanlı darüşşifası inşa edildi.","kuruluş"
"Ulu Cami'yi kim yaptırdı?","1400 yılında Bursa'da Yıldırım Bayezid tarafından Ulu Cami ve ilk Osmanlı darüşşifası inşa edildi.","kuruluş"
"İlk Osmanlı darüşşifası nerede kuruldu?","1400 yılında Bursa'da Yıldırım Bayezid tarafından Ulu Cami ve ilk Osmanlı darüşşifası inşa edildi.","kuruluş"
"Darüşşifa ne zaman kuruldu?","1400 yılında Bursa'da Yıldırım Bayezid tarafından Ulu Cami ve ilk Osmanlı darüşşifası inşa edildi.","kuruluş"
"Ankara Muharebesi ne zaman yapıldı?","1402 Ankara Muharebesi'nde Yıldırım Bayezid' Timur'a yenilerek esir düştü ve bu olay Fetret Devri'nin başlangıcı oldu.","fetret"
"Yıldırım Bayezid hangi savaşta esir düştü?","1402 Ankara Muharebesi'nde Yıldırım Bayezid' Timur'a yenilerek esir düştü ve bu olay Fetret Devri'nin başlangıcı oldu.","fetret"
"Timur Yıldırım Bayezid'i ne zaman yendi?","1402 Ankara Muharebesi'nde Yıldırım Bayezid' Timur'a yenilerek esir düştü ve bu olay Fetret Devri'nin başlangıcı oldu.","fetret"
"Fetret Devri ne zaman başladı?","1402 Ankara Muharebesi'nde Yıldırım Bayezid' Timur'a yenilerek esir düştü ve bu olay Fetret Devri'nin başlangıcı oldu.","fetret"
"Fetret Devri hangi yıllar arasında sürdü?","1402 ile 1413 yılları arasında süren Fetret Devri'nde şehzadeler arasında taht kavgaları yaşandı.","fetret"
"Fetret Devri'nde ne yaşandı?","1402 ile 1413 yılları arasında süren Fetret Devri'nde şehzadeler arasında taht kavgaları yaşandı.","fetret"
"İç savaş dönemi ne zaman başladı?","1402 ile 1413 yılları arasında süren Fetret Devri'nde şehzadeler arasında taht kavgaları yaşandı.","fetret"
"Fetret Devri ne zaman sona erdi?","1402 ile 1413 yılları arasında süren Fetret Devri'nde şehzadeler arasında taht kavgaları yaşandı.","fetret"
"I. Mehmed' Musa Çelebi'yi ne zaman mağlup etti?","1413 yılında I. Mehmed' Musa Çelebi'yi mağlup ederek Osmanlı tahtında tek başına hakimiyet kurdu.","fetret"
"Osmanlı birliğini kim sağladı?","1413 yılında I. Mehmed' Musa Çelebi'yi mağlup ederek Osmanlı tahtında tek başına hakimiyet kurdu.","fetret"
"Fetret Devri'ni kim bitirdi?","1413 yılında I. Mehmed' Musa Çelebi'yi mağlup ederek Osmanlı tahtında tek başına hakimiyet kurdu.","fetret"
"Musa Çelebi ne zaman yenildi?","1413 yılında I. Mehmed' Musa Çelebi'yi mağlup ederek Osmanlı tahtında tek başına hakimiyet kurdu.","fetret"
"Şeyh Bedreddin isyanı ne zaman patlak verdi?","1416 yılında Şeyh Bedreddin isyanı patlak verdi ve Çavlı Bey'in donanması Gelibolu Muharebesi'nde Venediklilere yenildi.","fetret"
"Gelibolu Muharebesi'nde Osmanlı donanması kime yenildi?","1416 yılında Şeyh Bedreddin isyanı patlak verdi ve Çavlı Bey'in donanması Gelibolu Muharebesi'nde Venediklilere yenildi.","fetret"
"Venedikliler Osmanlı donanmasını ne zaman yendi?","1416 yılında Şeyh Bedreddin isyanı patlak verdi ve Çavlı Bey'in donanması Gelibolu Muharebesi'nde Venediklilere yenildi.","fetret"
"Şeyh Bedreddin isyanı nedir?","1416 yılında Şeyh Bedreddin isyanı patlak verdi ve Çavlı Bey'in donanması Gelibolu Muharebesi'nde Venediklilere yenildi.","fetret"
"Yeşil Cami ne zaman yaptırıldı?","1419-1424 yıllarında I. Mehmed tarafından Bursa'da Hacı İvaz'a Yeşil Cami yaptırıldı.","fetret"
"Yeşil Cami'yi kim yaptırdı?","1419-1424 yıllarında I. Mehmed tarafından Bursa'da Hacı İvaz'a Yeşil Cami yaptırıldı.","fetret"
"Yeşil Cami nerede yapıldı?","1419-1424 yıllarında I. Mehmed tarafından Bursa'da Hacı İvaz'a Yeşil Cami yaptırıldı.","fetret"
"Hacı İvaz kimdir?","1419-1424 yıllarında I. Mehmed tarafından Bursa'da Hacı İvaz'a Yeşil Cami yaptırıldı.","fetret"
"I. Mehmed ne zaman öldü?","1421 yılında I. Mehmed öldü ve II. Murad tahta geçti; hemen ardından Bizans ile savaş başladı.","fetret"
"II. Murad ne zaman tahta geçti?","1421 yılında I. Mehmed öldü ve II. Murad tahta geçti; hemen ardından Bizans ile savaş başladı.","fetret"
"Tahta geçer geçmez kiminle savaş başladı?","1421 yılında I. Mehmed öldü ve II. Murad tahta geçti; hemen ardından Bizans ile savaş başladı.","fetret"
"1421'de tahta kim çıktı?","1421 yılında I. Mehmed öldü ve II. Murad tahta geçti; hemen ardından Bizans ile savaş başladı.","fetret"
"İlk kapsamlı İstanbul Kuşatması ne zaman yapıldı?","1422 yılında Osmanlılar tarafından ilk kapsamlı İstanbul Kuşatması gerçekleştirildi.","fetret"
"1422'de ne kuşatıldı?","1422 yılında Osmanlılar tarafından ilk kapsamlı İstanbul Kuşatması gerçekleştirildi.","fetret"
"Bu kuşatmayı kim yaptı?","1422 yılında Osmanlılar tarafından ilk kapsamlı İstanbul Kuşatması gerçekleştirildi.","fetret"
"İstanbul'un ilk ciddi kuşatması hangi padişah döneminde oldu?","1422 yılında Osmanlılar tarafından ilk kapsamlı İstanbul Kuşatması gerçekleştirildi.","fetret"
"Turahan Bey'in Mora Seferi ne zaman oldu?","1423 yılında Turahan Bey Mora Seferi'ne çıkarak Davia Zaferi ile Bizans'ın Mora'daki direncini kırdı.","fetret"
"Davia Zaferi ne zaman kazanıldı?","1423 yılında Turahan Bey Mora Seferi'ne çıkarak Davia Zaferi ile Bizans'ın Mora'daki direncini kırdı.","fetret"
"Davia Zaferi'ni kim kazandı?","1423 yılında Turahan Bey Mora Seferi'ne çıkarak Davia Zaferi ile Bizans'ın Mora'daki direncini kırdı.","fetret"
"Mora Seferi'nin amacı neydi?","1423 yılında Turahan Bey Mora Seferi'ne çıkarak Davia Zaferi ile Bizans'ın Mora'daki direncini kırdı.","fetret"
"Selanik ne zaman kesin olarak fethedildi?","1430 yılında Selanik kesin olarak fethedildi ve Venedik ile barış antlaşması imzalandı.","fetret"
"Venedik ile barış ne zaman yapıldı?","1430 yılında Selanik kesin olarak fethedildi ve Venedik ile barış antlaşması imzalandı.","fetret"
"Selanik'i kim fethetti?","1430 yılında Selanik kesin olarak fethedildi ve Venedik ile barış antlaşması imzalandı.","fetret"
"Selanik'in fethi hangi yılda tamamlandı?","1430 yılında Selanik kesin olarak fethedildi ve Venedik ile barış antlaşması imzalandı.","fetret"
"Edirne-Segedin Antlaşması ne zaman imzalandı?","1444 yılında Edirne-Segedin Antlaşması ile Macaristan ile barış yapıldı ve Yenişehir Sevgendnamesi ile Karaman Beyliği ile anlaşmaya varıldı.","fetret"
"Bu antlaşma kiminle yapıldı?","1444 yılında Edirne-Segedin Antlaşması ile Macaristan ile barış yapıldı ve Yenişehir Sevgendnamesi ile Karaman Beyliği ile anlaşmaya varıldı.","fetret"
"Yenişehir Sevgendnamesi nedir?","1444 yılında Edirne-Segedin Antlaşması ile Macaristan ile barış yapıldı ve Yenişehir Sevgendnamesi ile Karaman Beyliği ile anlaşmaya varıldı.","fetret"
"Karaman Beyliği ile ne zaman anlaşıldı?","1444 yılında Edirne-Segedin Antlaşması ile Macaristan ile barış yapıldı ve Yenişehir Sevgendnamesi ile Karaman Beyliği ile anlaşmaya varıldı.","fetret"
"Varna Zaferi ne zaman kazanıldı?","1444 yılında Macar-Haçlı ordusuna karşı Varna zaferi kazanıldı.","fetret"
"Varna'da kim yenildi?","1444 yılında Macar-Haçlı ordusuna karşı Varna zaferi kazanıldı.","fetret"
"Varna Savaşı hangi yılda oldu?","1444 yılında Macar-Haçlı ordusuna karşı Varna zaferi kazanıldı.","fetret"
"Bu zaferi kim kazandı?","1444 yılında Macar-Haçlı ordusuna karşı Varna zaferi kazanıldı.","fetret"
"Buçuktepe Vakası ne zaman oldu?","1446 Buçuktepe Vakası ile II. Mehmed tahttan indirildi ve II. Murad ikinci kez padişah oldu.","fetret"
"Buçuktepe Vakası sonucunda kim tahttan indirildi?","1446 Buçuktepe Vakası ile II. Mehmed tahttan indirildi ve II. Murad ikinci kez padişah oldu.","fetret"
"II. Murad ne zaman ikinci kez padişah oldu?","1446 Buçuktepe Vakası ile II. Mehmed tahttan indirildi ve II. Murad ikinci kez padişah oldu.","fetret"
"II. Mehmed neden tahttan indirildi?","1446 Buçuktepe Vakası ile II. Mehmed tahttan indirildi ve II. Murad ikinci kez padişah oldu.","fetret"
"II. Kosova Zaferi ne zaman kazanıldı?","1448 yılında II. Kosova Zaferi ile Macar-Haçlı ordusu kesin olarak yenilgiye uğratıldı.","fetret"
"Bu zafer hangi devletlere karşı kazanıldı?","1448 yılında II. Kosova Zaferi ile Macar-Haçlı ordusu kesin olarak yenilgiye uğratıldı.","fetret"
"II. Kosova Muharebesi ne zaman oldu?","1448 yılında II. Kosova Zaferi ile Macar-Haçlı ordusu kesin olarak yenilgiye uğratıldı.","fetret"
"János Hunyadi ne zaman yenildi?","1448 yılında II. Kosova Zaferi ile Macar-Haçlı ordusu kesin olarak yenilgiye uğratıldı.","fetret"
"Fatih Sultan Mehmed İstanbul'u ne zaman fethetti?","1453 yılında II. Mehmed İstanbul'u fethederek Bizans İmparatorluğu'na son verdi ve Ayasofya camiye çevrildi.","yükseliş"
"İstanbul'un fethi ne zaman oldu?","1453 yılında II. Mehmed İstanbul'u fethederek Bizans İmparatorluğu'na son verdi ve Ayasofya camiye çevrildi.","yükseliş"
"Ayasofya'ya ne yapıldı?","1453 yılında II. Mehmed İstanbul'u fethederek Bizans İmparatorluğu'na son verdi ve Ayasofya camiye çevrildi.","yükseliş"
"Bizans İmparatorluğu ne zaman yıkıldı?","1453 yılında II. Mehmed İstanbul'u fethederek Bizans İmparatorluğu'na son verdi ve Ayasofya camiye çevrildi.","yükseliş"
"Atina Dükalığı ne zaman ilhak edildi?","1456 yılında Atina Dükalığı ilhak edilerek Osmanlı topraklarına katıldı.","yükseliş"
"Atina hangi yılda fethedildi?","1456 yılında Atina Dükalığı ilhak edilerek Osmanlı topraklarına katıldı.","yükseliş"
"Atina Dükalığı'nı kim ilhak etti?","1456 yılında Atina Dükalığı ilhak edilerek Osmanlı topraklarına katıldı.","yükseliş"
"1456'da hangi Yunan bölgesi alındı?","1456 yılında Atina Dükalığı ilhak edilerek Osmanlı topraklarına katıldı.","yükseliş"
"Semendire ne zaman fethedildi?","1459 yılında Semendire'nin fethi ile Sırbistan tamamen Osmanlı topraklarına katıldı.","yükseliş"
"Sırbistan ne zaman ilhak edildi?","1459 yılında Semendire'nin fethi ile Sırbistan tamamen Osmanlı topraklarına katıldı.","yükseliş"
"Semendire'nin fethi hangi yılda oldu?","1459 yılında Semendire'nin fethi ile Sırbistan tamamen Osmanlı topraklarına katıldı.","yükseliş"
"Sırbistan'ın ilhakı ne zaman tamamlandı?","1459 yılında Semendire'nin fethi ile Sırbistan tamamen Osmanlı topraklarına katıldı.","yükseliş"
"Trabzon ne zaman fethedildi?","1461 yılında Fatih Sultan Mehmed Trabzon'u fethederek Trabzon Rum İmparatorluğu'na son verdi ve Batum'a kadar Karadeniz kıyılarını Osmanlı egemenliğine soktu.","yükseliş"
"Trabzon Rum İmparatorluğu ne zaman yıkıldı?","1461 yılında Fatih Sultan Mehmed Trabzon'u fethederek Trabzon Rum İmparatorluğu'na son verdi ve Batum'a kadar Karadeniz kıyılarını Osmanlı egemenliğine soktu.","yükseliş"
"Karadeniz kıyıları ne zaman Osmanlı egemenliğine girdi?","1461 yılında Fatih Sultan Mehmed Trabzon'u fethederek Trabzon Rum İmparatorluğu'na son verdi ve Batum'a kadar Karadeniz kıyılarını Osmanlı egemenliğine soktu.","yükseliş"
"Trabzon'u kim fethetti?","1461 yılında Fatih Sultan Mehmed Trabzon'u fethederek Trabzon Rum İmparatorluğu'na son verdi ve Batum'a kadar Karadeniz kıyılarını Osmanlı egemenliğine soktu.","yükseliş"
"Midilli ne zaman fethedildi?","1462 yılında Midilli'nin fethi gerçekleşti.","yükseliş"
"Midilli Adası'nı kim fethetti?","1462 yılında Midilli'nin fethi gerçekleşti.","yükseliş"
"Midilli'nin fethi hangi yılda oldu?","1462 yılında Midilli'nin fethi gerçekleşti.","yükseliş"
"Ege'deki Midilli hangi yıl Osmanlı toprağı oldu?","1462 yılında Midilli'nin fethi gerçekleşti.","yükseliş"
"Bosna ne zaman fethedildi?","1463 yılında I. Bosna seferi ile Bosna fethedildi.","yükseliş"
"Bosna'nın fethi hangi yılda oldu?","1463 yılında I. Bosna seferi ile Bosna fethedildi.","yükseliş"
"Bosna seferini kim yaptı?","1463 yılında I. Bosna seferi ile Bosna fethedildi.","yükseliş"
"Bosna hangi padişah döneminde alındı?","1463 yılında I. Bosna seferi ile Bosna fethedildi.","yükseliş"
"Kırım Hanlığı ne zaman Osmanlı'ya bağlandı?","1475 yılında Kırım Hanı Mengli Giray Han' Cenevizlilerin elinden kurtarılarak Kırım Hanlığı Osmanlı'ya bağlandı.","yükseliş"
"Kırım Hanlığı'nı kim Osmanlı'ya bağladı?","1475 yılında Kırım Hanı Mengli Giray Han' Cenevizlilerin elinden kurtarılarak Kırım Hanlığı Osmanlı'ya bağlandı.","yükseliş"
"Kefe ne zaman fethedildi?","1475 yılında Kırım Hanı Mengli Giray Han' Cenevizlilerin elinden kurtarılarak Kırım Hanlığı Osmanlı'ya bağlandı.","yükseliş"
"Kırım'ın bağlanması hangi yılda oldu?","1475 yılında Kırım Hanı Mengli Giray Han' Cenevizlilerin elinden kurtarılarak Kırım Hanlığı Osmanlı'ya bağlandı.","yükseliş"
"Otranto Seferi ne zaman yapıldı?","1480 yılında Otranto Seferi ile Osmanlılar İtalya topraklarına çıktı.","yükseliş"
"Osmanlılar İtalya'ya ilk kez ne zaman çıktı?","1480 yılında Otranto Seferi ile Osmanlılar İtalya topraklarına çıktı.","yükseliş"
"Otranto'yu kim fethetti?","1480 yılında Otranto Seferi ile Osmanlılar İtalya topraklarına çıktı.","yükseliş"
"Fatih Sultan Mehmed'in İtalya seferi hangi yılda oldu?","1480 yılında Otranto Seferi ile Osmanlılar İtalya topraklarına çıktı.","yükseliş"
"Cem Sultan İsyanı ne zaman oldu?","1481 yılında II. Bayezid Yenişehir Muharebesi'nde kardeşi Cem Sultan'ı mağlup etti ve Cem Mısır'a kaçtı.","yükseliş"
"Yenişehir Muharebesi ne zaman yapıldı?","1481 yılında II. Bayezid Yenişehir Muharebesi'nde kardeşi Cem Sultan'ı mağlup etti ve Cem Mısır'a kaçtı.","yükseliş"
"Cem Sultan'ı kim yendi?","1481 yılında II. Bayezid Yenişehir Muharebesi'nde kardeşi Cem Sultan'ı mağlup etti ve Cem Mısır'a kaçtı.","yükseliş"
"Cem Sultan nereye kaçtı?","1481 yılında II. Bayezid Yenişehir Muharebesi'nde kardeşi Cem Sultan'ı mağlup etti ve Cem Mısır'a kaçtı.","yükseliş"
"Kili ve Akkerman ne zaman fethedildi?","1484 yılında Boğdan Seferi ile Kili ve Akkerman fethedilerek Karadeniz'in batı kıyıları güvence altına alındı.","yükseliş"
"Bu kaleler hangi seferle alındı?","1484 yılında Boğdan Seferi ile Kili ve Akkerman fethedilerek Karadeniz'in batı kıyıları güvence altına alındı.","yükseliş"
"Boğdan Seferi ne zaman yapıldı?","1484 yılında Boğdan Seferi ile Kili ve Akkerman fethedilerek Karadeniz'in batı kıyıları güvence altına alındı.","yükseliş"
"Karadeniz'in batı kıyıları ne zaman güvence altına alındı?","1484 yılında Boğdan Seferi ile Kili ve Akkerman fethedilerek Karadeniz'in batı kıyıları güvence altına alındı.","yükseliş"
"İspanya'dan kovulan Yahudiler ne zaman Osmanlı'ya kabul edildi?","1492 yılında İspanya'dan çıkarılan Yahudiler Osmanlı himayesine kabul edildi.","yükseliş"
"Yahudileri kim kabul etti?","1492 yılında İspanya'dan çıkarılan Yahudiler Osmanlı himayesine kabul edildi.","yükseliş"
"Hangi padişah Yahudileri kabul etti?","1492 yılında İspanya'dan çıkarılan Yahudiler Osmanlı himayesine kabul edildi.","yükseliş"
"1492'de Osmanlı'ya sığınanlar kimlerdi?","1492 yılında İspanya'dan çıkarılan Yahudiler Osmanlı himayesine kabul edildi.","yükseliş"
"Yavuz Sultan Selim ne zaman tahta geçti?","1512 yılında II. Bayezid tahttan çekildi ve Yavuz Sultan Selim tahta geçti.","yükseliş"
"II. Bayezid tahtı ne zaman bıraktı?","1512 yılında II. Bayezid tahttan çekildi ve Yavuz Sultan Selim tahta geçti.","yükseliş"
"1512'de tahta kim çıktı?","1512 yılında II. Bayezid tahttan çekildi ve Yavuz Sultan Selim tahta geçti.","yükseliş"
"Yavuz Sultan Selim'in saltanatı ne zaman başladı?","1512 yılında II. Bayezid tahttan çekildi ve Yavuz Sultan Selim tahta geçti.","yükseliş"
"Çaldıran Zaferi ne zaman kazanıldı?","1514 yılında Yavuz Sultan Selim' Safevilere karşı Çaldıran Zaferi'ni kazanarak Tebriz'e girdi.","yükseliş"
"Çaldıran'da kim yenildi?","1514 yılında Yavuz Sultan Selim' Safevilere karşı Çaldıran Zaferi'ni kazanarak Tebriz'e girdi.","yükseliş"
"Yavuz Sultan Selim Tebriz'e ne zaman girdi?","1514 yılında Yavuz Sultan Selim' Safevilere karşı Çaldıran Zaferi'ni kazanarak Tebriz'e girdi.","yükseliş"
"Şah İsmail hangi savaşta yenildi?","1514 yılında Yavuz Sultan Selim' Safevilere karşı Çaldıran Zaferi'ni kazanarak Tebriz'e girdi.","yükseliş"
"Turnadağ Zaferi ne zaman kazanıldı?","1515 yılında Turnadağ Zaferi ile Dulkadir Beyliği ilhak edildi.","yükseliş"
"Dulkadir Beyliği ne zaman ilhak edildi?","1515 yılında Turnadağ Zaferi ile Dulkadir Beyliği ilhak edildi.","yükseliş"
"Turnadağ Zaferi'ni kim kazandı?","1515 yılında Turnadağ Zaferi ile Dulkadir Beyliği ilhak edildi.","yükseliş"
"Dulkadiroğulları hangi savaşta yıkıldı?","1515 yılında Turnadağ Zaferi ile Dulkadir Beyliği ilhak edildi.","yükseliş"
"Mercidabık Zaferi ne zaman kazanıldı?","1516 yılında Mercidabık Zaferi ile Memlük ordusu yenilgiye uğratıldı' Halep ve Suriye Osmanlı topraklarına katıldı.","yükseliş"
"Bu zaferle hangi topraklar alındı?","1516 yılında Mercidabık Zaferi ile Memlük ordusu yenilgiye uğratıldı' Halep ve Suriye Osmanlı topraklarına katıldı.","yükseliş"
"Mercidabık'ta kim yenildi?","1516 yılında Mercidabık Zaferi ile Memlük ordusu yenilgiye uğratıldı' Halep ve Suriye Osmanlı topraklarına katıldı.","yükseliş"
"Suriye ne zaman Osmanlı toprağı oldu?","1516 yılında Mercidabık Zaferi ile Memlük ordusu yenilgiye uğratıldı' Halep ve Suriye Osmanlı topraklarına katıldı.","yükseliş"
"Ridaniye Zaferi ne zaman kazanıldı?","1517 yılında Ridaniye Zaferi ile Mısır alındı; Hicaz Şerifliği ve Yemen Osmanlı'ya bağlandı' halifelik Osmanlı'ya geçti.","yükseliş"
"Mısır ne zaman fethedildi?","1517 yılında Ridaniye Zaferi ile Mısır alındı; Hicaz Şerifliği ve Yemen Osmanlı'ya bağlandı' halifelik Osmanlı'ya geçti.","yükseliş"
"Halifelik Osmanlı'ya ne zaman geçti?","1517 yılında Ridaniye Zaferi ile Mısır alındı; Hicaz Şerifliği ve Yemen Osmanlı'ya bağlandı' halifelik Osmanlı'ya geçti.","yükseliş"
"Hicaz ne zaman Osmanlı'ya bağlandı?","1517 yılında Ridaniye Zaferi ile Mısır alındı; Hicaz Şerifliği ve Yemen Osmanlı'ya bağlandı' halifelik Osmanlı'ya geçti.","yükseliş"
"Cezayir ne zaman Osmanlı toprağı oldu?","1519 yılında Barbaros Hayreddin Paşa idaresindeki Cezayir Osmanlı'ya iltihak etti.","yükseliş"
"Cezayir'i kim Osmanlı'ya bağladı?","1519 yılında Barbaros Hayreddin Paşa idaresindeki Cezayir Osmanlı'ya iltihak etti.","yükseliş"
"Barbaros Hayreddin Paşa Cezayir'i ne zaman bağladı?","1519 yılında Barbaros Hayreddin Paşa idaresindeki Cezayir Osmanlı'ya iltihak etti.","yükseliş"
"Kuzey Afrika'da Osmanlı hakimiyeti ne zaman başladı?","1519 yılında Barbaros Hayreddin Paşa idaresindeki Cezayir Osmanlı'ya iltihak etti.","yükseliş"
"Kanuni Sultan Süleyman ne zaman tahta geçti?","1520 yılında Yavuz Sultan Selim vefat etti ve Kanuni Sultan Süleyman tahta geçti.","yükseliş"
"Yavuz Sultan Selim ne zaman öldü?","1520 yılında Yavuz Sultan Selim vefat etti ve Kanuni Sultan Süleyman tahta geçti.","yükseliş"
"1520'de tahta kim çıktı?","1520 yılında Yavuz Sultan Selim vefat etti ve Kanuni Sultan Süleyman tahta geçti.","yükseliş"
"Kanuni'nin saltanatı ne zaman başladı?","1520 yılında Yavuz Sultan Selim vefat etti ve Kanuni Sultan Süleyman tahta geçti.","yükseliş"
"Belgrad ne zaman fethedildi?","1521 yılında Kanuni Belgrad'ı fethederek Osmanlı sınırlarını Orta Avrupa'ya dayadı.","yükseliş"
"Belgrad'ı kim fethetti?","1521 yılında Kanuni Belgrad'ı fethederek Osmanlı sınırlarını Orta Avrupa'ya dayadı.","yükseliş"
"Bu fetih hangi yılda oldu?","1521 yılında Kanuni Belgrad'ı fethederek Osmanlı sınırlarını Orta Avrupa'ya dayadı.","yükseliş"
"Osmanlı sınırları Orta Avrupa'ya ne zaman dayandı?","1521 yılında Kanuni Belgrad'ı fethederek Osmanlı sınırlarını Orta Avrupa'ya dayadı.","yükseliş"
"Rodos ne zaman fethedildi?","1522 yılında Kanuni Rodos'u fethederek Bodrum ve On İki Ada'yı Osmanlı topraklarına kattı.","yükseliş"
"Rodos'u kim fethetti?","1522 yılında Kanuni Rodos'u fethederek Bodrum ve On İki Ada'yı Osmanlı topraklarına kattı.","yükseliş"
"On İki Ada ne zaman Osmanlı toprağı oldu?","1522 yılında Kanuni Rodos'u fethederek Bodrum ve On İki Ada'yı Osmanlı topraklarına kattı.","yükseliş"
"Bu fetih hangi yılda yapıldı?","1522 yılında Kanuni Rodos'u fethederek Bodrum ve On İki Ada'yı Osmanlı topraklarına kattı.","yükseliş"
"Mohaç Zaferi ne zaman kazanıldı?","1526 yılında Kanuni' Macaristan'a karşı Mohaç Zaferi'ni kazanarak Macar Krallığı'nı fiilen ortadan kaldırdı.","yükseliş"
"Mohaç'ta hangi krallık yıkıldı?","1526 yılında Kanuni' Macaristan'a karşı Mohaç Zaferi'ni kazanarak Macar Krallığı'nı fiilen ortadan kaldırdı.","yükseliş"
"Macar Krallığı ne zaman yıkıldı?","1526 yılında Kanuni' Macaristan'a karşı Mohaç Zaferi'ni kazanarak Macar Krallığı'nı fiilen ortadan kaldırdı.","yükseliş"
"Bu zaferi kim kazandı?","1526 yılında Kanuni' Macaristan'a karşı Mohaç Zaferi'ni kazanarak Macar Krallığı'nı fiilen ortadan kaldırdı.","yükseliş"
"I. Viyana Kuşatması ne zaman yapıldı?","1529 yılında Viyana Kuşatması gerçekleştirildi ancak başarısız oldu.","yükseliş"
"Viyana ilk kez ne zaman kuşatıldı?","1529 yılında Viyana Kuşatması gerçekleştirildi ancak başarısız oldu.","yükseliş"
"Bu kuşatma nasıl sonuçlandı?","1529 yılında Viyana Kuşatması gerçekleştirildi ancak başarısız oldu.","yükseliş"
"Viyana Kuşatması'nı kim yaptı?","1529 yılında Viyana Kuşatması gerçekleştirildi ancak başarısız oldu.","yükseliş"
"Preveze Deniz Zaferi ne zaman kazanıldı?","1538 yılında Preveze Deniz Zaferi ile Kutsal İttifak donanması ağır yenilgiye uğratıldı.","yükseliş"
"Preveze'de kim yenildi?","1538 yılında Preveze Deniz Zaferi ile Kutsal İttifak donanması ağır yenilgiye uğratıldı.","yükseliş"
"Bu zaferi kim kazandı?","1538 yılında Preveze Deniz Zaferi ile Kutsal İttifak donanması ağır yenilgiye uğratıldı.","yükseliş"
"Preveze Deniz Muharebesi hangi yılda oldu?","1538 yılında Preveze Deniz Zaferi ile Kutsal İttifak donanması ağır yenilgiye uğratıldı.","yükseliş"
"Fransızlara ticaret imtiyazı ne zaman verildi?","1536 yılında Fransızlara ticaret imtiyazları veren ahidname imzalandı.","yükseliş"
"Kapitülasyonlar ilk kez hangi ülkeye verildi?","1536 yılında Fransızlara ticaret imtiyazları veren ahidname imzalandı.","yükseliş"
"Bu imtiyazlar hangi yılda başladı?","1536 yılında Fransızlara ticaret imtiyazları veren ahidname imzalandı.","yükseliş"
"Ahidname ne zaman imzalandı?","1536 yılında Fransızlara ticaret imtiyazları veren ahidname imzalandı.","yükseliş"
"Amasya Antlaşması ne zaman imzalandı?","1555 yılında Osmanlı ile Safevi Devleti arasında Amasya Antlaşması imzalandı ve doğu sınırı belirlendi.","yükseliş"
"Bu antlaşma hangi devletler arasında yapıldı?","1555 yılında Osmanlı ile Safevi Devleti arasında Amasya Antlaşması imzalandı ve doğu sınırı belirlendi.","yükseliş"
"Doğu sınırı ne zaman belirlendi?","1555 yılında Osmanlı ile Safevi Devleti arasında Amasya Antlaşması imzalandı ve doğu sınırı belirlendi.","yükseliş"
"Amasya Antlaşması'nın önemi nedir?","1555 yılında Osmanlı ile Safevi Devleti arasında Amasya Antlaşması imzalandı ve doğu sınırı belirlendi.","yükseliş"
"Astrahan Seferi ne zaman yapıldı?","1569 yılında Sokollu Mehmed Paşa'nın Astrahan Seferi başarısız oldu ve Don-Volga Kanal Projesi terk edildi.","duraklama"
"Bu sefer nasıl sonuçlandı?","1569 yılında Sokollu Mehmed Paşa'nın Astrahan Seferi başarısız oldu ve Don-Volga Kanal Projesi terk edildi.","duraklama"
"Don-Volga Kanal Projesi ne zaman terk edildi?","1569 yılında Sokollu Mehmed Paşa'nın Astrahan Seferi başarısız oldu ve Don-Volga Kanal Projesi terk edildi.","duraklama"
"Astrahan'ı kim kuşattı?","1569 yılında Sokollu Mehmed Paşa'nın Astrahan Seferi başarısız oldu ve Don-Volga Kanal Projesi terk edildi.","duraklama"
"İnebahtı Deniz Muharebesi ne zaman oldu?","1571 yılında İnebahtı Deniz Muharebesi'nde Osmanlı donanması ağır bir yenilgi aldı.","duraklama"
"Osmanlı donanması nerede yenildi?","1571 yılında İnebahtı Deniz Muharebesi'nde Osmanlı donanması ağır bir yenilgi aldı.","duraklama"
"Bu yenilgi hangi yılda gerçekleşti?","1571 yılında İnebahtı Deniz Muharebesi'nde Osmanlı donanması ağır bir yenilgi aldı.","duraklama"
"İnebahtı'da kim kazandı?","1571 yılında İnebahtı Deniz Muharebesi'nde Osmanlı donanması ağır bir yenilgi aldı.","duraklama"
"Kıbrıs ne zaman fethedildi?","1571 yılında Kıbrıs'ın fethi tamamlandı (Mağusa'nın düşüşü).","duraklama"
"Kıbrıs'ın fethi ne zaman tamamlandı?","1571 yılında Kıbrıs'ın fethi tamamlandı (Mağusa'nın düşüşü).","duraklama"
"Mağusa ne zaman düştü?","1571 yılında Kıbrıs'ın fethi tamamlandı (Mağusa'nın düşüşü).","duraklama"
"Kıbrıs'ı kim fethetti?","1571 yılında Kıbrıs'ın fethi tamamlandı (Mağusa'nın düşüşü).","duraklama"
"İstanbul Rasathanesi ne zaman yıktırıldı?","1580 yılında İstanbul Rasathanesi donanmayla topa tutularak yıktırıldı.","duraklama"
"Rasathaneyi kim yıktırdı?","1580 yılında İstanbul Rasathanesi donanmayla topa tutularak yıktırıldı.","duraklama"
"Rasathane neden yıktırıldı?","1580 yılında İstanbul Rasathanesi donanmayla topa tutularak yıktırıldı.","duraklama"
"Takiyüddin'in rasathanesi ne zaman yok edildi?","1580 yılında İstanbul Rasathanesi donanmayla topa tutularak yıktırıldı.","duraklama"
"Köprülü Mehmed Paşa ne zaman sadrazam oldu?","1656 yılında Köprülü Mehmed Paşa sadrazamlığa getirilerek Köprülüler Devri başladı.","duraklama"
"Köprülüler Devri ne zaman başladı?","1656 yılında Köprülü Mehmed Paşa sadrazamlığa getirilerek Köprülüler Devri başladı.","duraklama"
"Köprülü Mehmed Paşa hangi göreve getirildi?","1656 yılında Köprülü Mehmed Paşa sadrazamlığa getirilerek Köprülüler Devri başladı.","duraklama"
"Merkezi otoriteyi kim yeniden tesis etti?","1656 yılında Köprülü Mehmed Paşa sadrazamlığa getirilerek Köprülüler Devri başladı.","duraklama"
"Girit'in fethi ne zaman tamamlandı?","1669 yılında Kandiye'nin alınmasıyla Girit tamamen Osmanlı hakimiyetine girdi.","duraklama"
"Kandiye ne zaman alındı?","1669 yılında Kandiye'nin alınmasıyla Girit tamamen Osmanlı hakimiyetine girdi.","duraklama"
"Girit ne zaman kesin olarak alındı?","1669 yılında Kandiye'nin alınmasıyla Girit tamamen Osmanlı hakimiyetine girdi.","duraklama"
"Osmanlı-Venedik Savaşı ne zaman sona erdi?","1669 yılında Kandiye'nin alınmasıyla Girit tamamen Osmanlı hakimiyetine girdi.","duraklama"
"II. Viyana Kuşatması ne zaman yapıldı?","1683 yılında II. Viyana Kuşatması başarısız oldu ve Osmanlı ordusu ağır yenilgi aldı; bu olay Kutsal İttifak Savaşları'nı başlattı.","duraklama"
"Bu kuşatma nasıl sonuçlandı?","1683 yılında II. Viyana Kuşatması başarısız oldu ve Osmanlı ordusu ağır yenilgi aldı; bu olay Kutsal İttifak Savaşları'nı başlattı.","duraklama"
"Viyana bozgunu hangi yılda oldu?","1683 yılında II. Viyana Kuşatması başarısız oldu ve Osmanlı ordusu ağır yenilgi aldı; bu olay Kutsal İttifak Savaşları'nı başlattı.","duraklama"
"Kutsal İttifak Savaşları ne zaman başladı?","1683 yılında II. Viyana Kuşatması başarısız oldu ve Osmanlı ordusu ağır yenilgi aldı; bu olay Kutsal İttifak Savaşları'nı başlattı.","duraklama"
"Karlofça Antlaşması ne zaman imzalandı?","1699 yılında Karlofça Antlaşması ile Macaristan Avusturya'ya' Podolya Lehistan'a' Mora Venedik'e kaybedildi.","duraklama"
"Bu antlaşmayla hangi topraklar kaybedildi?","1699 yılında Karlofça Antlaşması ile Macaristan Avusturya'ya' Podolya Lehistan'a' Mora Venedik'e kaybedildi.","duraklama"
"Osmanlı'nın ilk büyük toprak kaybı ne zaman oldu?","1699 yılında Karlofça Antlaşması ile Macaristan Avusturya'ya' Podolya Lehistan'a' Mora Venedik'e kaybedildi.","duraklama"
"Macaristan hangi antlaşmayla kaybedildi?","1699 yılında Karlofça Antlaşması ile Macaristan Avusturya'ya' Podolya Lehistan'a' Mora Venedik'e kaybedildi.","duraklama"
"Lale Devri ne zaman başladı?","1718 yılında Pasarofça Antlaşması'ndan sonra III. Ahmed döneminde Lale Devri başladı.","gerileme"
"Pasarofça Antlaşması ne zaman imzalandı?","1718 yılında Pasarofça Antlaşması ile Banat' Sırbistan'ın kuzeyi ve Eflak'ın batısı Avusturya'ya kaybedildi; bu antlaşma Lale Devri'ni başlattı.","gerileme"
"Bu antlaşmayla neler kaybedildi?","1718 yılında Pasarofça Antlaşması ile Banat' Sırbistan'ın kuzeyi ve Eflak'ın batısı Avusturya'ya kaybedildi; bu antlaşma Lale Devri'ni başlattı.","gerileme"
"Lale Devri hangi padişah döneminde oldu?","1718 yılında Pasarofça Antlaşması'ndan sonra III. Ahmed döneminde Lale Devri başladı.","gerileme"
"İlk Türk matbaası ne zaman kuruldu?","1726 yılında İbrahim Müteferrika tarafından ilk Türk matbaası kuruldu (ilk kitap 1729'da basıldı).","gerileme"
"Matbaayı kim kurdu?","1726 yılında İbrahim Müteferrika tarafından ilk Türk matbaası kuruldu (ilk kitap 1729'da basıldı).","gerileme"
"İlk kitap ne zaman basıldı?","1726 yılında İbrahim Müteferrika tarafından ilk Türk matbaası kuruldu (ilk kitap 1729'da basıldı).","gerileme"
"Matbaa Osmanlı'ya ne zaman geldi?","1726 yılında İbrahim Müteferrika tarafından ilk Türk matbaası kuruldu (ilk kitap 1729'da basıldı).","gerileme"
"Patrona Halil İsyanı ne zaman oldu?","1730 yılında Patrona Halil İsyanı ile III. Ahmed tahttan indirildi ve Lale Devri sona erdi.","gerileme"
"Bu isyan sonucunda hangi padişah tahttan indirildi?","1730 yılında Patrona Halil İsyanı ile III. Ahmed tahttan indirildi ve Lale Devri sona erdi.","gerileme"
"Lale Devri ne zaman sona erdi?","1730 yılında Patrona Halil İsyanı ile III. Ahmed tahttan indirildi ve Lale Devri sona erdi.","gerileme"
"İsyanın lideri kimdi?","1730 yılında Patrona Halil İsyanı ile III. Ahmed tahttan indirildi ve Lale Devri sona erdi.","gerileme"
"Küçük Kaynarca Antlaşması ne zaman imzalandı?","1774 yılında Küçük Kaynarca Antlaşması ile Kırım Hanlığı bağımsız oldu; Rusya' Osmanlı'daki Ortodoksların koruyucusu haline geldi.","gerileme"
"Kırım ne zaman kaybedildi?","1774 yılında Küçük Kaynarca Antlaşması ile Kırım Hanlığı bağımsız oldu; Rusya' Osmanlı'daki Ortodoksların koruyucusu haline geldi.","gerileme"
"Rusya hangi hakları kazandı?","1774 yılında Küçük Kaynarca Antlaşması ile Kırım Hanlığı bağımsız oldu; Rusya' Osmanlı'daki Ortodoksların koruyucusu haline geldi.","gerileme"
"Kırım ne zaman bağımsız oldu?","1774 yılında Küçük Kaynarca Antlaşması ile Kırım Hanlığı bağımsız oldu; Rusya' Osmanlı'daki Ortodoksların koruyucusu haline geldi.","gerileme"
"Napolyon Mısır'ı ne zaman işgal etti?","1798 yılında Napolyon Bonapart Mısır'ı işgal ederek Osmanlı topraklarına saldırdı.","gerileme"
"Mısır'ı kim işgal etti?","1798 yılında Napolyon Bonapart Mısır'ı işgal ederek Osmanlı topraklarına saldırdı.","gerileme"
"Mısır işgali hangi yılda oldu?","1798 yılında Napolyon Bonapart Mısır'ı işgal ederek Osmanlı topraklarına saldırdı.","gerileme"
"Fransızlar Mısır'a ne zaman çıktı?","1798 yılında Napolyon Bonapart Mısır'ı işgal ederek Osmanlı topraklarına saldırdı.","gerileme"
"Sırp İsyanı ne zaman başladı?","1804 yılında Sırp İsyanı başlayarak Balkanlar'da milliyetçi hareketleri başlattı.","gerileme"
"İlk büyük milliyetçi ayaklanma hangi yılda oldu?","1804 yılında Sırp İsyanı başlayarak Balkanlar'da milliyetçi hareketleri başlattı.","gerileme"
"Sırplar Osmanlı'ya karşı ne zaman ayaklandı?","1804 yılında Sırp İsyanı başlayarak Balkanlar'da milliyetçi hareketleri başlattı.","gerileme"
"Balkanlar'da milliyetçilik ne zaman başladı?","1804 yılında Sırp İsyanı başlayarak Balkanlar'da milliyetçi hareketleri başlattı.","gerileme"
"Yunan İsyanı ne zaman patlak verdi?","1821 yılında Yunan İsyanı başlayarak Mora'da Osmanlı egemenliğine karşı büyük bir ayaklanma başlattı.","gerileme"
"Mora'da ayaklanma ne zaman oldu?","1821 yılında Yunan İsyanı başlayarak Mora'da Osmanlı egemenliğine karşı büyük bir ayaklanma başlattı.","gerileme"
"Yunanistan bağımsızlık savaşını ne zaman başlattı?","1821 yılında Yunan İsyanı başlayarak Mora'da Osmanlı egemenliğine karşı büyük bir ayaklanma başlattı.","gerileme"
"1821'de hangi isyan çıktı?","1821 yılında Yunan İsyanı başlayarak Mora'da Osmanlı egemenliğine karşı büyük bir ayaklanma başlattı.","gerileme"
"Vaka-i Hayriye nedir?","1826 yılında Vaka-i Hayriye ile Yeniçeri Ocağı kaldırıldı ve yerine Asakir-i Mansure-i Muhammediyye kuruldu.","gerileme"
"Yeniçeri Ocağı ne zaman kaldırıldı?","1826 yılında Vaka-i Hayriye ile Yeniçeri Ocağı kaldırıldı ve yerine Asakir-i Mansure-i Muhammediyye kuruldu.","gerileme"
"Bu olay hangi padişah döneminde oldu?","1826 yılında Vaka-i Hayriye ile Yeniçeri Ocağı kaldırıldı ve yerine Asakir-i Mansure-i Muhammediyye kuruldu.","gerileme"
"Yeniçeri Ocağı'nın yerine ne kuruldu?","1826 yılında Vaka-i Hayriye ile Yeniçeri Ocağı kaldırıldı ve yerine Asakir-i Mansure-i Muhammediyye kuruldu.","gerileme"
"Navarin Deniz Muharebesi ne zaman oldu?","1827 yılında Navarin Deniz Muharebesi'nde İngiliz' Fransız ve Rus donanmaları Osmanlı-Mısır donanmasını yaktı.","gerileme"
"Osmanlı-Mısır donanmasını kim yaktı?","1827 yılında Navarin Deniz Muharebesi'nde İngiliz' Fransız ve Rus donanmaları Osmanlı-Mısır donanmasını yaktı.","gerileme"
"Navarin Baskını hangi yılda oldu?","1827 yılında Navarin Deniz Muharebesi'nde İngiliz' Fransız ve Rus donanmaları Osmanlı-Mısır donanmasını yaktı.","gerileme"
"Üç devlet Osmanlı donanmasını ne zaman yaktı?","1827 yılında Navarin Deniz Muharebesi'nde İngiliz' Fransız ve Rus donanmaları Osmanlı-Mısır donanmasını yaktı.","gerileme"
"Cezayir ne zaman Fransız işgaline uğradı?","1830 yılında Fransa' Cezayir'i işgal ederek Osmanlı toprağı olmaktan çıkardı.","gerileme"
"Cezayir'i kim işgal etti?","1830 yılında Fransa' Cezayir'i işgal ederek Osmanlı toprağı olmaktan çıkardı.","gerileme"
"Fransa Cezayir'i ne zaman işgal etti?","1830 yılında Fransa' Cezayir'i işgal ederek Osmanlı toprağı olmaktan çıkardı.","gerileme"
"Cezayir ne zaman kaybedildi?","1830 yılında Fransa' Cezayir'i işgal ederek Osmanlı toprağı olmaktan çıkardı.","gerileme"
"İlk Osmanlı gazetesi ne zaman yayınlandı?","1831 yılında Takvim-i Vekayi adlı ilk Osmanlı gazetesi yayınlandı.","gerileme"
"Takvim-i Vekayi nedir?","1831 yılında Takvim-i Vekayi adlı ilk Osmanlı gazetesi yayınlandı.","gerileme"
"Gazete hangi yılda çıkarıldı?","1831 yılında Takvim-i Vekayi adlı ilk Osmanlı gazetesi yayınlandı.","gerileme"
"İlk resmi gazete ne zaman yayımlandı?","1831 yılında Takvim-i Vekayi adlı ilk Osmanlı gazetesi yayınlandı.","gerileme"
"Tanzimat Fermanı ne zaman ilan edildi?","1839 yılında Tanzimat Fermanı ilan edilerek can ve mal güvenliği' vergide eşitlik gibi ilkeler getirildi.","çöküş"
"Bu ferman hangi ilkeleri getirdi?","1839 yılında Tanzimat Fermanı ilan edilerek can ve mal güvenliği' vergide eşitlik gibi ilkeler getirildi.","çöküş"
"Tanzimat Fermanı'nın önemi nedir?","1839 yılında Tanzimat Fermanı ilan edilerek can ve mal güvenliği' vergide eşitlik gibi ilkeler getirildi.","çöküş"
"Ferman hangi padişah döneminde ilan edildi?","1839 yılında Tanzimat Fermanı ilan edilerek can ve mal güvenliği' vergide eşitlik gibi ilkeler getirildi.","çöküş"
"Islahat Fermanı ne zaman ilan edildi?","1856 yılında Islahat Fermanı ilan edilerek gayrimüslimlere eşit haklar tanındı ve cizye kaldırıldı.","çöküş"
"Bu fermanla hangi haklar tanındı?","1856 yılında Islahat Fermanı ilan edilerek gayrimüslimlere eşit haklar tanındı ve cizye kaldırıldı.","çöküş"
"Cizye ne zaman kaldırıldı?","1856 yılında Islahat Fermanı ilan edilerek gayrimüslimlere eşit haklar tanındı ve cizye kaldırıldı.","çöküş"
"Gayrimüslimlere eşitlik ne zaman verildi?","1856 yılında Islahat Fermanı ilan edilerek gayrimüslimlere eşit haklar tanındı ve cizye kaldırıldı.","çöküş"
"Kırım Savaşı hangi yıllar arasında yapıldı?","1853-1856 Kırım Savaşı'nda Osmanlı' İngiltere' Fransa ve Sardinya ile birlikte Rusya'ya karşı savaştı.","çöküş"
"Osmanlı hangi devletlerle ittifak yaptı?","1853-1856 Kırım Savaşı'nda Osmanlı' İngiltere' Fransa ve Sardinya ile birlikte Rusya'ya karşı savaştı.","çöküş"
"Bu savaşta Osmanlı'nın yanında kimler vardı?","1853-1856 Kırım Savaşı'nda Osmanlı' İngiltere' Fransa ve Sardinya ile birlikte Rusya'ya karşı savaştı.","çöküş"
"Kırım Savaşı ne zaman sona erdi?","1853-1856 Kırım Savaşı'nda Osmanlı' İngiltere' Fransa ve Sardinya ile birlikte Rusya'ya karşı savaştı.","çöküş"
"Osmanlı maliyesi ne zaman iflas etti?","1875 yılında Osmanlı maliyesi iflasını ilan etti; bu durum 1881'de Düyun-ı Umumiye İdaresi'nin kurulmasına yol açtı.","çöküş"
"İflas hangi yılda ilan edildi?","1875 yılında Osmanlı maliyesi iflasını ilan etti; bu durum 1881'de Düyun-ı Umumiye İdaresi'nin kurulmasına yol açtı.","çöküş"
"Düyun-ı Umumiye ne zaman kuruldu?","1875 yılında Osmanlı maliyesi iflasını ilan etti; bu durum 1881'de Düyun-ı Umumiye İdaresi'nin kurulmasına yol açtı.","çöküş"
"Osmanlı borçları yönetimi ne zaman devralındı?","1875 yılında Osmanlı maliyesi iflasını ilan etti; bu durum 1881'de Düyun-ı Umumiye İdaresi'nin kurulmasına yol açtı.","çöküş"
"I. Meşrutiyet ne zaman ilan edildi?","1876 yılında II. Abdülhamid döneminde I. Meşrutiyet ilan edildi ve Kanun-u Esasi yürürlüğe girdi.","çöküş"
"Kanun-u Esasi ne zaman yürürlüğe girdi?","1876 yılında II. Abdülhamid döneminde I. Meşrutiyet ilan edildi ve Kanun-u Esasi yürürlüğe girdi.","çöküş"
"Meşrutiyet hangi padişah döneminde ilan edildi?","1876 yılında II. Abdülhamid döneminde I. Meşrutiyet ilan edildi ve Kanun-u Esasi yürürlüğe girdi.","çöküş"
"İlk anayasa ne zaman kabul edildi?","1876 yılında II. Abdülhamid döneminde I. Meşrutiyet ilan edildi ve Kanun-u Esasi yürürlüğe girdi.","çöküş"
"93 Harbi hangi yıllar arasında yapıldı?","1877-1878 Osmanlı-Rus Savaşı (93 Harbi)' 1878 yılında Ayastefanos Antlaşması ile sona erdi.","çöküş"
"Ayastefanos Antlaşması ne zaman imzalandı?","1877-1878 Osmanlı-Rus Savaşı (93 Harbi)' 1878 yılında Ayastefanos Antlaşması ile sona erdi.","çöküş"
"Bu savaş hangi antlaşmayla bitti?","1877-1878 Osmanlı-Rus Savaşı (93 Harbi)' 1878 yılında Ayastefanos Antlaşması ile sona erdi.","çöküş"
"Ayastefanos'ta ne kararlaştırıldı?","1877-1878 Osmanlı-Rus Savaşı (93 Harbi)' 1878 yılında Ayastefanos Antlaşması ile sona erdi.","çöküş"
"Berlin Antlaşması ne zaman imzalandı?","1878 yılında Berlin Antlaşması ile Sırbistan' Karadağ ve Romanya bağımsız oldu; Bosna-Hersek Avusturya-Macaristan'a bırakıldı.","çöküş"
"Bu antlaşmayla hangi devletler bağımsız oldu?","1878 yılında Berlin Antlaşması ile Sırbistan' Karadağ ve Romanya bağımsız oldu; Bosna-Hersek Avusturya-Macaristan'a bırakıldı.","çöküş"
"Bosna-Hersek kime bırakıldı?","1878 yılında Berlin Antlaşması ile Sırbistan' Karadağ ve Romanya bağımsız oldu; Bosna-Hersek Avusturya-Macaristan'a bırakıldı.","çöküş"
"Berlin Kongresi ne zaman yapıldı?","1878 yılında Berlin Antlaşması ile Sırbistan' Karadağ ve Romanya bağımsız oldu; Bosna-Hersek Avusturya-Macaristan'a bırakıldı.","çöküş"
"Kıbrıs ne zaman İngiliz idaresine girdi?","1878 yılında Kıbrıs'ın yönetimi İngiltere'ye devredildi.","çöküş"
"Kıbrıs'ı hangi devlet yönetti?","1878 yılında Kıbrıs'ın yönetimi İngiltere'ye devredildi.","çöküş"
"Ada ne zaman İngiltere'ye verildi?","1878 yılında Kıbrıs'ın yönetimi İngiltere'ye devredildi.","çöküş"
"Kıbrıs'ın devri hangi yılda oldu?","1878 yılında Kıbrıs'ın yönetimi İngiltere'ye devredildi.","çöküş"
"Tunus ne zaman işgal edildi?","1881 yılında Fransa Tunus'u işgal etti.","çöküş"
"Tunus'u kim işgal etti?","1881 yılında Fransa Tunus'u işgal etti.","çöküş"
"Fransa Tunus'u ne zaman işgal etti?","1881 yılında Fransa Tunus'u işgal etti.","çöküş"
"Tunus'un işgali hangi yılda oldu?","1881 yılında Fransa Tunus'u işgal etti.","çöküş"
"Mısır ne zaman işgal edildi?","1882 yılında İngiltere Mısır'ı işgal etti (Mısır' 1914'e kadar de jure Osmanlı toprağı olarak kaldı).","çöküş"
"Mısır'ı kim işgal etti?","1882 yılında İngiltere Mısır'ı işgal etti (Mısır' 1914'e kadar de jure Osmanlı toprağı olarak kaldı).","çöküş"
"İngiltere Mısır'ı ne zaman işgal etti?","1882 yılında İngiltere Mısır'ı işgal etti (Mısır' 1914'e kadar de jure Osmanlı toprağı olarak kaldı).","çöküş"
"Mısır ne zaman İngiliz işgaline uğradı?","1882 yılında İngiltere Mısır'ı işgal etti (Mısır' 1914'e kadar de jure Osmanlı toprağı olarak kaldı).","çöküş"
"Hamidiye Katliamları hangi yıllar arasında yaşandı?","1894-1896 yılları arasında Hamidiye Katliamları olarak bilinen olaylarda 100.000-300.000 arasında Ermeni hayatını kaybetti.","çöküş"
"Bu katliamlar kime karşı yapıldı?","1894-1896 yılları arasında Hamidiye Katliamları olarak bilinen olaylarda 100.000-300.000 arasında Ermeni hayatını kaybetti.","çöküş"
"Ermeni olayları ne zaman oldu?","1894-1896 yılları arasında Hamidiye Katliamları olarak bilinen olaylarda 100.000-300.000 arasında Ermeni hayatını kaybetti.","çöküş"
"Hamidiye Katliamları'nın tarihi nedir?","1894-1896 yılları arasında Hamidiye Katliamları olarak bilinen olaylarda 100.000-300.000 arasında Ermeni hayatını kaybetti.","çöküş"
"II. Meşrutiyet ne zaman ilan edildi?","1908 yılında Jön Türk Devrimi ile II. Meşrutiyet ilan edildi ve 1876 Anayasası yeniden yürürlüğe kondu.","çöküş"
"Jön Türk Devrimi ne zaman oldu?","1908 yılında Jön Türk Devrimi ile II. Meşrutiyet ilan edildi ve 1876 Anayasası yeniden yürürlüğe kondu.","çöküş"
"1876 Anayasası ne zaman yeniden yürürlüğe girdi?","1908 yılında Jön Türk Devrimi ile II. Meşrutiyet ilan edildi ve 1876 Anayasası yeniden yürürlüğe kondu.","çöküş"
"II. Meşrutiyet'in ilanı hangi olayla tetiklendi?","1908 yılında Jön Türk Devrimi ile II. Meşrutiyet ilan edildi ve 1876 Anayasası yeniden yürürlüğe kondu.","çöküş"
"Trablusgarp Savaşı sonunda Osmanlı hangi toprağı kaybetti?","1912 yılında Uşi Antlaşması ile Osmanlı' Trablusgarp (Libya) ve On İki Ada'yı İtalya'ya bıraktı.","çöküş"
"Uşi Antlaşması ne zaman imzalandı?","1912 yılında Uşi Antlaşması ile Osmanlı' Trablusgarp (Libya) ve On İki Ada'yı İtalya'ya bıraktı.","çöküş"
"Libya ne zaman kaybedildi?","1912 yılında Uşi Antlaşması ile Osmanlı' Trablusgarp (Libya) ve On İki Ada'yı İtalya'ya bıraktı.","çöküş"
"On İki Ada hangi antlaşmayla kaybedildi?","1912 yılında Uşi Antlaşması ile Osmanlı' Trablusgarp (Libya) ve On İki Ada'yı İtalya'ya bıraktı.","çöküş"
"Balkan Savaşları sonunda Edirne ne zaman geri alındı?","1912-1913 Balkan Savaşları'nda Osmanlı' Edirne dahil Balkan topraklarının çoğunu kaybetti; sonrasında Edirne geri alındı.","çöküş"
"Balkan Savaşları'nda hangi başkent kaybedildi?","1912-1913 Balkan Savaşları'nda Osmanlı' Edirne dahil Balkan topraklarının çoğunu kaybetti; sonrasında Edirne geri alındı.","çöküş"
"Edirne hangi savaşta Bulgarların eline geçti?","1912-1913 Balkan Savaşları'nda Osmanlı' Edirne dahil Balkan topraklarının çoğunu kaybetti; sonrasında Edirne geri alındı.","çöküş"
"Balkan Savaşları ne zaman yapıldı?","1912-1913 Balkan Savaşları'nda Osmanlı' Edirne dahil Balkan topraklarının çoğunu kaybetti; sonrasında Edirne geri alındı.","çöküş"
"Osmanlı I. Dünya Savaşı'na ne zaman girdi?","1914 yılında Osmanlı' Almanya ile gizli ittifak imzalayarak İttifak Devletleri yanında I. Dünya Savaşı'na girdi.","çöküş"
"Osmanlı hangi tarafta savaşa girdi?","1914 yılında Osmanlı' Almanya ile gizli ittifak imzalayarak İttifak Devletleri yanında I. Dünya Savaşı'na girdi.","çöküş"
"Almanya ile gizli ittifak ne zaman imzalandı?","1914 yılında Osmanlı' Almanya ile gizli ittifak imzalayarak İttifak Devletleri yanında I. Dünya Savaşı'na girdi.","çöküş"
"Osmanlı'nın savaşa giriş tarihi nedir?","1914 yılında Osmanlı' Almanya ile gizli ittifak imzalayarak İttifak Devletleri yanında I. Dünya Savaşı'na girdi.","çöküş"
"Çanakkale Savaşı ne zaman yapıldı?","1915 yılında Çanakkale Savaşı'nda Mustafa Kemal (Atatürk) büyük bir zafer kazanarak ün kazandı.","çöküş"
"Çanakkale'de kim ün kazandı?","1915 yılında Çanakkale Savaşı'nda Mustafa Kemal (Atatürk) büyük bir zafer kazanarak ün kazandı.","çöküş"
"Bu savaş hangi yılda kazanıldı?","1915 yılında Çanakkale Savaşı'nda Mustafa Kemal (Atatürk) büyük bir zafer kazanarak ün kazandı.","çöküş"
"Mustafa Kemal ne zaman Anafartalar Kahramanı oldu?","1915 yılında Çanakkale Savaşı'nda Mustafa Kemal (Atatürk) büyük bir zafer kazanarak ün kazandı.","çöküş"
"Tehcir Kanunu ne zaman çıkarıldı?","1915 yılında Tehcir Kanunu ile Doğu Anadolu'daki Ermeni nüfus Suriye ve Irak'a zorunlu göçe tabi tutuldu.","çöküş"
"Bu kanun hangi grubu kapsıyordu?","1915 yılında Tehcir Kanunu ile Doğu Anadolu'daki Ermeni nüfus Suriye ve Irak'a zorunlu göçe tabi tutuldu.","çöküş"
"Ermeniler ne zaman zorunlu göçe tabi tutuldu?","1915 yılında Tehcir Kanunu ile Doğu Anadolu'daki Ermeni nüfus Suriye ve Irak'a zorunlu göçe tabi tutuldu.","çöküş"
"Tehcir kararı hangi yılda alındı?","1915 yılında Tehcir Kanunu ile Doğu Anadolu'daki Ermeni nüfus Suriye ve Irak'a zorunlu göçe tabi tutuldu.","çöküş"
"Arap İsyanı ne zaman başladı?","1916 yılında Arap İsyanı başladı; İngiltere tarafından desteklenen Şerif Hüseyin önderliğindeki isyan' Osmanlı'nın Arap topraklarındaki kontrolünü zayıflattı.","çöküş"
"İsyanı kim destekledi?","1916 yılında Arap İsyanı başladı; İngiltere tarafından desteklenen Şerif Hüseyin önderliğindeki isyan' Osmanlı'nın Arap topraklarındaki kontrolünü zayıflattı.","çöküş"
"Şerif Hüseyin ne zaman isyan etti?","1916 yılında Arap İsyanı başladı; İngiltere tarafından desteklenen Şerif Hüseyin önderliğindeki isyan' Osmanlı'nın Arap topraklarındaki kontrolünü zayıflattı.","çöküş"
"Arap isyanının lideri kimdi?","1916 yılında Arap İsyanı başladı; İngiltere tarafından desteklenen Şerif Hüseyin önderliğindeki isyan' Osmanlı'nın Arap topraklarındaki kontrolünü zayıflattı.","çöküş"
"Mondros Mütarekesi ne zaman imzalandı?","30 Ekim 1918'de Mondros Mütarekesi imzalanarak Osmanlı Devleti fiilen teslim oldu.","çöküş"
"Osmanlı fiilen ne zaman teslim oldu?","30 Ekim 1918'de Mondros Mütarekesi imzalanarak Osmanlı Devleti fiilen teslim oldu.","çöküş"
"Bu antlaşmanın tarihi nedir?","30 Ekim 1918'de Mondros Mütarekesi imzalanarak Osmanlı Devleti fiilen teslim oldu.","çöküş"
"Mondros Ateşkes Antlaşması ne zaman yapıldı?","30 Ekim 1918'de Mondros Mütarekesi imzalanarak Osmanlı Devleti fiilen teslim oldu.","çöküş"
"Mustafa Kemal Samsun'a ne zaman çıktı?","1919 yılında Mustafa Kemal Atatürk' 19 Mayıs'ta Samsun'a çıkarak Türk Kurtuluş Savaşı'nı başlattı.","çöküş"
"Kurtuluş Savaşı'nı kim başlattı?","1919 yılında Mustafa Kemal Atatürk' 19 Mayıs'ta Samsun'a çıkarak Türk Kurtuluş Savaşı'nı başlattı.","çöküş"
"19 Mayıs 1919'da ne oldu?","1919 yılında Mustafa Kemal Atatürk' 19 Mayıs'ta Samsun'a çıkarak Türk Kurtuluş Savaşı'nı başlattı.","çöküş"
"Atatürk Samsun'a hangi tarihte çıktı?","1919 yılında Mustafa Kemal Atatürk' 19 Mayıs'ta Samsun'a çıkarak Türk Kurtuluş Savaşı'nı başlattı.","çöküş"
"Sevr Antlaşması ne zaman imzalandı?","10 Ağustos 1920'de imzalanan Sevr Antlaşması' Osmanlı'nı küçük bir Anadolu devletine indirgeyen ağır bir barış antlaşmasıydı; ancak uygulanamadı.","çöküş"
"Bu antlaşma Osmanlı'ya ne öngörüyordu?","10 Ağustos 1920'de imzalanan Sevr Antlaşması' Osmanlı'nı küçük bir Anadolu devletine indirgeyen ağır bir barış antlaşmasıydı; ancak uygulanamadı.","çöküş"
"Sevr uygulandı mı?","10 Ağustos 1920'de imzalanan Sevr Antlaşması' Osmanlı'nı küçük bir Anadolu devletine indirgeyen ağır bir barış antlaşmasıydı; ancak uygulanamadı.","çöküş"
"Sevr Antlaşması'nın imza tarihi nedir?","10 Ağustos 1920'de imzalanan Sevr Antlaşması' Osmanlı'nı küçük bir Anadolu devletine indirgeyen ağır bir barış antlaşmasıydı; ancak uygulanamadı.","çöküş"
"Büyük Taarruz ne zaman yapıldı?","1922 yılında Büyük Taarruz (Ağustos) ile Yunan ordusu kesin yenilgiye uğratıldı ve 9 Eylül'de İzmir kurtarıldı.","çöküş"
"İzmir ne zaman kurtarıldı?","1922 yılında Büyük Taarruz (Ağustos) ile Yunan ordusu kesin yenilgiye uğratıldı ve 9 Eylül'de İzmir kurtarıldı.","çöküş"
"Yunan ordusu ne zaman kesin yenildi?","1922 yılında Büyük Taarruz (Ağustos) ile Yunan ordusu kesin yenilgiye uğratıldı ve 9 Eylül'de İzmir kurtarıldı.","çöküş"
"Başkomutanlık Meydan Muharebesi hangi yılda kazanıldı?","1922 yılında Büyük Taarruz (Ağustos) ile Yunan ordusu kesin yenilgiye uğratıldı ve 9 Eylül'de İzmir kurtarıldı.","çöküş"
"Saltanat ne zaman kaldırıldı?","1 Kasım 1922'de TBMM' saltanatı kaldırarak Osmanlı Devleti'nin siyasi varlığına son verdi.","çöküş"
"Saltanatı kim kaldırdı?","1 Kasım 1922'de TBMM' saltanatı kaldırarak Osmanlı Devleti'nin siyasi varlığına son verdi.","çöküş"
"Osmanlı'nın siyasi varlığı ne zaman sona erdi?","1 Kasım 1922'de TBMM' saltanatı kaldırarak Osmanlı Devleti'nin siyasi varlığına son verdi.","çöküş"
"Padişahlık hangi tarihte kaldırıldı?","1 Kasım 1922'de TBMM' saltanatı kaldırarak Osmanlı Devleti'nin siyasi varlığına son verdi.","çöküş"
"Cumhuriyet ne zaman ilan edildi?","29 Ekim 1923'te Türkiye Cumhuriyeti ilan edildi.","çöküş"
"Cumhuriyet'in ilan tarihi nedir?","29 Ekim 1923'te Türkiye Cumhuriyeti ilan edildi.","çöküş"
"Türkiye Cumhuriyeti ne zaman kuruldu?","29 Ekim 1923'te Türkiye Cumhuriyeti ilan edildi.","çöküş"
"29 Ekim 1923'te ne oldu?","29 Ekim 1923'te Türkiye Cumhuriyeti ilan edildi.","çöküş"
"Hilafet ne zaman kaldırıldı?","3 Mart 1924'te TBMM' halifeliği kaldırarak Osmanlı Hanedanı'nı sürgüne gönderdi.","çöküş"
"Halifeliği kim kaldırdı?","3 Mart 1924'te TBMM' halifeliği kaldırarak Osmanlı Hanedanı'nı sürgüne gönderdi.","çöküş"
"Osmanlı Hanedanı ne zaman sürgüne gönderildi?","3 Mart 1924'te TBMM' halifeliği kaldırarak Osmanlı Hanedanı'nı sürgüne gönderdi.","çöküş"
"Son halife ne zaman sürgün edildi?","3 Mart 1924'te TBMM' halifeliği kaldırarak Osmanlı Hanedanı'nı sürgüne gönderdi.","çöküş"